run,sigOBS,sigPRO,muEI1,muI1S1,muI1I2,muI2S2,muS2S1,rho,bT,q,c,delta,S1_0,S2_0,E_0,I1_0,I2_0,K_0,F_0,loglik,loglik.se
7,0.314389145,0.24277389,34.28031774,2.998672163,13.17927975,0.3189,0.011054783,0.987121867,0.682460353,0.922592035,0.082254784,0.02,0.644113834,0.000459469,0.000497638,0.032107624,0.322821436,0.052622009,0.006485012,-362.74,0.13
18,0.196190138,0.248720313,79.21616346,3.546781653,3.813141605,0.3173,0.009848367,0.89453211,0.738949817,0.987779055,0.054202095,0.02,0.058640207,0.003242814,0.000363658,0.933623962,0.004129359,0.089126106,0.029257245,-363.3047221,0.073761358
7,0.391582757,0.214448345,30.51793816,4.884019841,13.66393072,0.3189,0.006928105,0.911934972,0.724771935,0.984020499,0.101930109,0.02,0.642831368,0.001748637,0.000470215,0.002074761,0.352875019,0.041255883,0.019760638,-363.377063,0.112518046
7,0.371854758,0.221554726,37.60332031,10.39476034,19.6036553,0.3189,0.004054599,0.915684506,0.708736398,0.9877561,0.086554794,0.02,0.519657447,0.006322336,0.000509835,0.251062183,0.222448199,0.019040756,0.00570682,-363.4640105,0.178681896
7,0.361000894,0.209010315,32.38504533,5.409638411,23.66294861,0.3189,0.002310688,0.936910852,0.688201681,0.981207507,0.131071065,0.02,0.629698142,0.005034827,6.98E-05,0.008435649,0.356761544,0.046023513,0.036668651,-363.4912563,0.155186027
15,0.334756703,0.282669436,16.81679321,4.351662727,92.98000938,0.1491,0.00178547,0.953457382,0.649662582,0.993968015,0.620582526,0.02,0.742429715,0.012750674,0.000507793,0.048772214,0.195539605,0.012314864,0.048744938,-363.7683107,0.173319714
7,0.427893166,0.196902296,36.45901398,4.376171528,11.91488226,0.3189,0.001267617,0.983925301,0.729775359,0.896049963,0.061779296,0.02,0.525894886,0.001240008,0.000293438,0.332955346,0.139616322,0.037498989,0.015515469,-363.8022822,0.111738378
7,0.389994719,0.247181171,29.19252547,6.469325188,19.43704632,0.3189,0.002532971,0.966995861,0.699218261,0.963916266,0.17927188,0.02,0.61653699,0.021571945,0.000417709,0.002922164,0.358551191,0.049651978,0.015161755,-364.1811555,0.081503243
7,0.371580287,0.235328566,21.18552117,7.578468917,7.325239945,0.3189,0.003753408,0.854781945,0.755107076,0.975592066,0.062548809,0.02,0.470688673,0.006257179,0.000935231,0.033957745,0.488161172,0.005240856,0.031998898,-364.2110794,0.211494611
15,0.3521567,0.285176374,16.67441201,2.195906402,20.33383962,0.1491,0.002192593,0.889146989,0.60721724,0.977089432,0.973640724,0.02,0.74561339,0.001987978,0.000597264,0.00658948,0.245211889,0.028087554,0.050556983,-364.3450875,0.223491556
18,0.38026592,0.236325899,55.54486105,2.044891191,4.461610565,0.3173,0.009442483,0.91281195,0.742026176,0.851778212,0.073173908,0.02,0.620842139,0.000635704,0.000448962,0.000198115,0.377875081,0.021151854,0.024448348,-364.5061697,0.180087266
7,0.431626925,0.217039449,29.34918653,5.726830328,11.13211624,0.3189,0.002660856,0.984777768,0.721167468,0.966474894,0.089229718,0.02,0.585979185,0.000958206,0.000720315,0.005850345,0.406491949,0.05870495,0.020864307,-364.5472245,0.181152376
26,0.304979298,0.22234468,34.99398841,6.882469029,12.44995154,0.6857,0.093829117,0.968611899,0.78213144,0.989693199,0.082354128,0.02,0.341011842,0.006550492,0.000980127,0.618839752,0.032617787,0.018799742,0.021157381,-364.7432308,0.178157519
13,0.40861515,0.22712486,39.81819424,2.57052473,65.54785829,0.1083,0.001577813,0.910479441,0.596740611,0.966295048,0.309064183,0.02,0.717296141,0.001258936,0.000645785,0.271012195,0.009786944,0.01572668,0.032103421,-364.7671272,0.08838943
13,0.505803781,0.12561601,48.33954125,2.298643537,55.15508667,0.1083,0.002933901,0.877740073,0.647121157,0.977922329,0.2163388,0.02,0.732241205,0.000923055,0.000729437,0.263822012,0.002284291,0.017686767,0.03725596,-365.0294706,0.041140327
19,0.275297281,0.292496416,57.66210388,1.793183979,1.520363953,0.7475,0.024023497,0.832713629,0.848267203,0.935234405,0.982211208,0.02,0.011587548,0.000602932,0.000725772,0.986807868,0.00027588,0.104879859,0.235644769,-365.188259,0.128222335
26,0.320707007,0.229952809,36.94459218,6.33156006,9.394002636,0.6857,0.069172469,0.92853286,0.790618824,0.976824566,0.204517587,0.02,0.563532549,0.001103846,0.000363689,0.034602111,0.400397806,0.024975543,0.022567477,-365.2889534,0.143248783
26,0.301420057,0.237394937,40.33973982,6.033870601,18.01761073,0.6857,0.073338607,0.959530434,0.635612948,0.983078448,0.149536538,0.02,0.563284352,0.001567108,0.000455919,0.122771655,0.311920966,0.041100829,0.019163105,-365.4268517,0.313602989
16,0.290862824,0.259417053,36.32009327,4.14782575,7.240624567,0.3246,0.009307409,0.981131666,0.776701892,0.775666011,0.089966144,0.02,0.352515203,0.001947567,0.000490827,0.608621395,0.036425008,0.082495873,0.081750999,-365.4812706,0.176508254
26,0.335631012,0.261164587,31.60304717,6.416762821,19.45565706,0.6857,0.111394093,0.972170209,0.777903188,0.97104367,0.05484135,0.02,0.438828124,0.002664189,0.000362886,0.557197758,0.000947043,0.060560885,0.028438522,-365.4819487,0.1609059
15,0.357497314,0.260129091,16.06154548,5.444144753,31.18781445,0.1491,0.012511322,0.890576114,0.698879034,0.902204637,0.915205537,0.02,0.667549173,0.009089353,0.000260484,0.096709734,0.226391256,0.047679857,0.013662129,-365.6743554,0.218420603
3,0.247694223,0.274727738,17.8958569,5.549693938,8.390716371,0.4902,0.002351404,0.96021345,0.780580495,0.920910082,0.98965497,0.02,0.462487148,0.005113716,0.000775204,0.095523628,0.436100304,0.003159813,0.017277844,-365.7337517,0.300775852
26,0.334076233,0.236363018,38.79499668,5.038350407,20.08344615,0.6857,0.069421023,0.967752442,0.754717983,0.993294001,0.147153599,0.02,0.666198525,0.001195767,0.000253702,0.032039819,0.300312187,0.050077848,0.056998707,-365.755066,0.232321783
19,0.351945503,0.256867917,71.87291361,2.436442296,3.514671548,0.7475,0.020973719,0.991053005,0.712620909,0.922107553,0.96112422,0.02,0.132312054,0.002712925,0.000423922,0.86445421,9.69E-05,0.068630607,0.014729357,-365.9261777,0.203683592
26,0.410879468,0.224521749,40.85948296,4.961528874,12.60088752,0.6857,0.092388633,0.955119297,0.705897406,0.967774896,0.069877654,0.02,0.469431989,0.001204231,0.000182203,0.485808252,0.043373325,0.029499998,0.019422328,-365.9871333,0.165408797
13,0.338305832,0.278204407,47.27267077,1.123072297,9.93084661,0.1083,0.001663478,0.896407082,0.582527377,0.907873443,0.64676865,0.02,0.719671654,0.00666869,0.000333693,0.246231203,0.027094761,0.010720125,0.03948131,-366.0212272,0.238616501
19,0.329183862,0.250578332,66.42477277,1.334247334,2.593096984,0.7475,0.005367595,0.906338346,0.784916849,0.886485287,0.996621341,0.02,0.423332743,0.038627752,0.00099113,0.524890006,0.012158369,0.011208059,0.013839722,-366.1732318,0.174620018
18,0.528558159,0.12841072,64.85179321,1.970837481,6.600756822,0.3173,0.00086666,0.879124147,0.726537911,0.954883928,0.219282546,0.02,0.640554038,0.000528192,0.000225148,0.006715836,0.351976786,0.10334381,0.023812449,-366.2052567,0.029024353
6,0.265663532,0.305176542,33.52752123,13.89050514,10.70146623,0.6855,0.048025147,0.960161397,0.80720041,0.981743971,0.396536178,0.02,0.430046357,0.003098937,0.000443888,0.011595039,0.554815779,0.066608602,0.012275278,-366.2126331,0.131385396
7,0.624585075,0.002452853,30.26507011,5.764495369,42.47725723,0.3189,0.011877083,0.976564946,0.706233627,0.984325241,0.033333161,0.02,0.639218678,0.003173077,0.00017145,0.062315246,0.295121548,0.004291034,0.005408261,-366.3308202,0.001427502
7,0.630225484,0.001256328,35.73229593,5.098479165,26.41206938,0.3189,0.007688883,0.974222495,0.709019946,0.995735433,0.03057474,0.02,0.63664587,0.002106582,0.000129959,0.02604348,0.335074109,0.013560792,0.007946227,-366.4261716,0.000527442
7,0.610447402,0.031873306,36.88222747,6.489715845,30.4695594,0.3189,0.004805352,0.966208995,0.715471364,0.979787173,0.090923611,0.02,0.588618031,0.00736297,0.000257505,0.231719027,0.172042466,0.016458706,0.014526901,-366.481222,0.015080168
6,0.332647542,0.238207712,38.42711197,4.143225703,18.21204288,0.6855,0.031875018,0.96556601,0.613528129,0.935085961,0.510490729,0.02,0.653943295,0.00616293,0.000606669,0.126363999,0.212923107,0.017335911,0.014434651,-366.4907227,0.086233027
19,0.330874817,0.239285357,52.65199755,1.614936294,2.725530252,0.7475,0.017011672,0.93718402,0.593971503,0.934862416,0.972921155,0.02,0.317437196,0.001552771,0.000233693,0.676739859,0.004036481,0.062059741,0.052283203,-366.4951017,0.159852066
15,0.377365025,0.321763412,16.79800132,3.116635528,35.28296074,0.1491,0.005988114,0.995518281,0.534590166,0.906235481,0.999464608,0.02,0.655297291,0.015390927,0.000567006,0.296629748,0.032115028,0.064255529,0.014214618,-366.5056596,0.227330229
18,0.317043048,0.265021472,59.05686369,1.612967455,4.826976668,0.3173,0.005910665,0.874244065,0.697561326,0.813442337,0.607129283,0.02,0.639369619,0.003164708,0.001224013,0.001256765,0.354984896,0.011698627,0.011953396,-366.515917,0.322627502
19,0.246397516,0.2781776,66.2199404,5.05688533,5.155865384,0.7475,0.010355433,0.895065759,0.689867228,0.938262981,0.998857423,0.02,0.008244007,0.001085689,0.000395095,0.989281417,0.000993791,0.092211481,0.139398742,-366.5285792,0.30322411
26,0.277699623,0.237220105,37.2893203,4.754885739,18.77231296,0.6857,0.123914047,0.976089904,0.689166818,0.964529288,0.03604251,0.02,0.586100591,0.002161739,0.001312902,0.088960561,0.321464206,0.04615676,0.020850724,-366.5465027,0.21763934
6,0.270542168,0.294052359,33.79742631,12.8625429,9.303458274,0.6855,0.085576756,0.947503559,0.823103192,0.963520989,0.193086826,0.02,0.442965549,0.007096378,0.000248189,0.001602619,0.548087265,0.007425027,0.021592347,-366.5707909,0.238452174
7,0.635578737,0.006536905,34.77065791,5.507463733,31.90816413,0.3189,0.006138233,0.972748507,0.718110426,0.991068743,0.079561756,0.02,0.568487139,0.001242429,0.000228234,0.416316346,0.013725851,0.038506903,0.0053357,-366.571266,0.001945283
6,0.326789325,0.191937506,37.33017142,15.40001927,16.31142578,0.6855,0.044327127,0.923758148,0.782416407,0.969370783,0.314238196,0.02,0.517970166,0.006036165,0.000431917,0.006775736,0.468786015,0.045682818,0.007736334,-366.5791449,0.271054885
7,0.635900501,0.026379802,29.25670336,4.413922246,29.1163457,0.3189,0.004915973,0.984992609,0.707916037,0.985456351,0.11847497,0.02,0.632650893,0.005515414,0.000113986,0.039802472,0.321917235,0.012275685,0.005397238,-366.6084021,0.011348133
6,0.230608079,0.2823655,35.44302401,10.6730576,21.92811698,0.6855,0.122020831,0.901529768,0.722610736,0.88002055,0.078913099,0.02,0.620733432,0.001286375,0.000207632,0.0368658,0.340906762,0.049833887,0.030221022,-366.7551765,0.122850829
15,0.325463356,0.36684594,11.00512706,5.425743005,32.96000724,0.1491,0.003367526,0.995538589,0.539032507,0.888776445,0.999378987,0.02,0.605378409,0.040296113,0.000504571,0.282603285,0.071217622,0.107014339,0.009307257,-366.7582436,0.086339814
13,0.482801121,0.176088147,45.48276553,2.680536861,24.44969865,0.1083,0.004370009,0.866456796,0.660753522,0.983924879,0.622266977,0.02,0.753787191,0.001575365,0.000444696,0.242270506,0.001922242,0.066937674,0.026238968,-366.8368564,0.115202854
13,0.60716872,0.054403673,40.69108252,2.137342951,18.48239122,0.1083,0.002587391,0.868688522,0.662169487,0.983936191,0.283224493,0.02,0.635251486,0.000145963,0.000505789,0.361115955,0.002980807,0.033367219,0.060990598,-366.8914797,0.021234803
6,0.383500745,0.223974165,38.07699137,14.47789403,26.99690457,0.6855,0.029970846,0.947177981,0.691265281,0.949417678,0.454714392,0.02,0.585512136,0.002212274,0.000485323,0.019309856,0.392480411,0.073905739,0.024496945,-366.892823,0.178575883
26,0.463188894,0.16592029,49.0757165,4.201630945,27.59274989,0.6857,0.072716165,0.991618808,0.708582035,0.976643885,0.135303973,0.02,0.672971939,0.001411384,0.000152062,0.118620517,0.206844099,0.052281184,0.031000424,-366.8995465,0.042067854
15,0.385902518,0.269130265,15.25386465,4.546013018,23.61719719,0.1491,0.007671105,0.994199492,0.609761484,0.950327058,0.995127922,0.02,0.615479666,0.051473271,0.00067308,0.016904678,0.315469304,0.149108002,0.033506044,-366.9262535,0.27562367
6,0.314822528,0.285169205,34.54639394,8.406618047,12.54673781,0.6855,0.139725644,0.973146356,0.82124907,0.940079808,0.013629225,0.02,0.269582862,0.023333749,0.000631369,0.440465545,0.265986474,0.066293136,0.00328346,-366.9507263,0.126995133
15,0.33237393,0.322180496,14.81904645,7.737534863,29.0290325,0.1491,0.005611071,0.984422019,0.760620258,0.80682635,0.956960959,0.02,0.614774137,0.011902693,0.00089279,0.01980905,0.352621329,0.018587654,0.051833034,-366.9614042,0.323538864
6,0.422227655,0.218880843,39.43797411,13.63841109,19.60876424,0.6855,0.110370959,0.980590293,0.763946397,0.98585825,0.119018735,0.02,0.488696942,0.003883986,0.000171598,0.001270396,0.505977079,0.065906143,0.038357695,-367.031486,0.142575874
7,0.603825747,0.043166812,34.16212062,7.485985668,20.21020373,0.3189,0.003421089,0.987714033,0.732944127,0.969551965,0.059776946,0.02,0.562673595,0.002301511,0.00032007,0.039247118,0.395457707,0.026878166,0.027170764,-367.0669581,0.014148757
3,0.365517069,0.290596417,19.31670975,7.252831106,20.24238051,0.4902,0.016485807,0.865322511,0.691312642,0.976073199,0.993483811,0.02,0.633318112,0.003899747,0.000474442,0.000574124,0.361733575,0.001339868,0.055524889,-367.0800373,0.07919031
13,0.602557738,0.096941112,32.89597146,1.674324366,21.53840208,0.1083,0.003871029,0.859373306,0.689692348,0.992100237,0.659699874,0.02,0.687916781,0.000126016,0.000261535,0.311589117,0.000106551,0.060674192,0.066061994,-367.197749,0.043986613
15,0.280957018,0.303115168,19.80383851,8.420914806,26.00569891,0.1491,0.005793905,0.971525915,0.743555627,0.80564772,0.815144037,0.02,0.551227358,0.014308574,0.000107467,0.040110022,0.394246579,0.04577205,0.053200068,-367.2177185,0.188415434
6,0.291446058,0.256058728,35.96205556,13.9902565,11.89865338,0.6855,0.096605619,0.896987451,0.75245397,0.952921692,0.162073808,0.02,0.361330421,0.004696317,0.000406563,0.10571463,0.527852069,0.071568378,0.03468704,-367.2593368,0.081416539
7,0.629532673,0.00434309,36.9503554,8.179811926,34.33708243,0.3189,0.006145379,0.942446017,0.701172565,0.987358308,0.119725997,0.02,0.606623839,0.006936208,0.000153188,0.004307535,0.38197923,0.009356187,0.033019126,-367.2734545,0.002935148
15,0.404032035,0.2918746,15.22723211,3.340295908,12.11045456,0.1491,0.000780708,0.979837087,0.60019837,0.933297687,0.888236736,0.02,0.596118275,0.018924876,0.000288123,0.059113384,0.325555343,0.115210278,0.022813053,-367.2774515,0.264013772
6,0.403396187,0.250988413,28.12052398,6.065729485,30.35691144,0.6855,0.049025105,0.961380322,0.751547056,0.959032787,0.321097372,0.02,0.680571623,0.006400409,0.000430031,0.298359928,0.014238009,0.073036616,0.016709645,-367.3146897,0.045881809
26,0.229666433,0.299596466,32.42865665,27.1715957,12.54421973,0.6857,0.071363644,0.969679251,0.746888939,0.95001936,0.321227954,0.02,0.202079877,0.001682372,0.000742905,0.247485372,0.548009475,0.007893861,0.029778637,-367.3232475,0.07985541
15,0.350538994,0.304049629,15.18099962,6.815606783,31.85027428,0.1491,0.005350178,0.989000786,0.605499157,0.881775816,0.994799204,0.02,0.482803416,0.010699087,0.000578489,0.49946986,0.006449149,0.079829595,0.076342835,-367.3548093,0.14906857
13,0.469496192,0.183083423,40.1184776,2.72650767,22.88562727,0.1083,0.002883474,0.835453435,0.699469166,0.940752496,0.383907661,0.02,0.637636448,0.007186181,0.000995437,0.35400258,0.000179354,0.081832857,0.025603557,-367.380005,0.123833809
13,0.622435952,0.044984526,48.88541054,0.938553564,18.65275984,0.1083,0.004930394,0.901144941,0.667471995,0.971813469,0.928561685,0.02,0.662344059,0.000635669,0.000796044,0.331972983,0.004251244,0.136030868,0.029449173,-367.4097472,0.024365847
19,0.384773836,0.225211756,55.219154,1.11852142,7.896267606,0.7475,0.005157581,0.978529342,0.618934354,0.977341195,0.991435909,0.02,0.633828033,0.006391428,0.000327484,0.358405231,0.001047824,0.120475063,0.016248527,-367.4415745,0.249653469
3,0.389459695,0.289356726,14.98101473,3.731859319,8.249293568,0.4902,0.00909764,0.85183372,0.634688768,0.965106812,0.875881788,0.02,0.504492699,0.0278225,0.000771406,0.428832927,0.038080468,0.012763951,0.116607281,-367.5302594,0.166957832
25,0.352669942,0.268823053,27.17946544,8.924526414,13.71123957,0.868,0.189086633,0.954388227,0.752533028,0.990547293,0.042714175,0.02,0.470066408,0.002022935,0.000427691,0.106507139,0.420975827,0.022861609,0.032923261,-367.5462377,0.131250934
3,0.426817729,0.309666209,14.29302172,3.911592328,6.956748861,0.4902,0.0058224,0.917895558,0.752297118,0.964494249,0.693303455,0.02,0.596824768,0.015998593,0.001123814,0.000272265,0.385780561,0.012133637,0.071572401,-367.5490848,0.205299189
15,0.324010865,0.248774658,20.33934815,12.28738528,39.09147536,0.1491,0.005134352,0.823917936,0.695425485,0.902653499,0.97733431,0.02,0.528786832,0.010674182,0.00044782,0.444538254,0.015552911,0.093195736,0.090742872,-367.5672195,0.380798952
3,0.303355432,0.312337583,15.22575411,4.014418482,7.004889955,0.4902,0.010133982,0.866127958,0.752490661,0.839882156,0.868672566,0.02,0.648080153,0.002280994,0.000189072,3.89E-05,0.349410863,0.013953364,0.120562677,-367.6159667,0.133364809
13,0.60904721,0.067218527,49.72306589,1.262668447,14.71214542,0.1083,0.004430432,0.854174127,0.680102227,0.973507988,0.770341707,0.02,0.667079157,0.014179419,0.000625851,0.31763187,0.000483704,0.082625774,0.061944106,-367.6182882,0.027736678
13,0.575146338,0.093398331,41.33114023,0.920456266,12.18079283,0.1083,0.006864736,0.873770977,0.708946134,0.959640811,0.867401464,0.02,0.663809159,0.000683109,0.002069836,0.33006995,0.003367946,0.017774748,0.063751105,-367.7319188,0.052511757
9,0.197149865,0.28562169,53.5370288,5.512367566,3.995115332,0.8406,0.06845285,0.981245012,0.802661704,0.844577205,0.653973893,0.02,0.126782945,0.013343794,0.000714223,0.435283249,0.423875788,0.035217504,0.038145228,-367.7432104,0.365710615
9,0.237363012,0.266124734,59.72558119,13.29027158,12.10910711,0.8406,0.16726102,0.975028381,0.873350662,0.960774519,0.085959157,0.02,0.496535704,0.008999244,0.000331162,0.077318583,0.416815308,0.050242081,0.016566265,-367.7564055,0.195650233
15,0.360959591,0.353029815,15.25788505,7.036542978,24.97121717,0.1491,0.007238094,0.977937842,0.62487419,0.945400024,0.966048979,0.02,0.602421915,0.035106246,0.000913171,0.087448879,0.27410979,0.039648716,0.047868053,-367.8029664,0.254371709
13,0.567616108,0.107022661,41.56362455,2.598254065,35.40969127,0.1083,0.0076758,0.872531594,0.616269131,0.975334279,0.755521437,0.02,0.700946631,0.009749967,0.000793797,0.278081284,0.010428321,0.070994199,0.026878071,-367.8092592,0.062927765
19,0.288295646,0.283360932,48.93421194,5.220810632,6.507262476,0.7475,0.015721214,0.964670264,0.680055762,0.964914678,0.99880525,0.02,0.07554309,0.038827797,0.001528719,0.883926003,0.00017439,0.083874879,0.02546673,-367.8230215,0.333033195
6,0.396239757,0.304836951,30.89115395,12.34977068,14.20145974,0.6855,0.068186318,0.98905534,0.818592081,0.939312395,0.237267027,0.02,0.483213502,0.002560889,0.000317909,0.005037926,0.508869774,0.087849047,0.005883579,-367.8488227,0.106055069
13,0.591827119,0.069372562,39.816515,1.849913289,18.52289023,0.1083,0.005213106,0.876003312,0.70219935,0.969557963,0.512540486,0.02,0.659825685,0.001174974,0.002408682,0.333055138,0.003535521,0.059592056,0.06950552,-367.8916742,0.028533614
3,0.328726365,0.333267996,16.745007,10.30509935,14.29257555,0.4902,0.006269503,0.780318236,0.835738991,0.931488263,0.995913923,0.02,0.584592825,0.0111547,0.000845146,0.056120974,0.347286355,0.003480689,0.030854665,-367.9039615,0.23228679
25,0.317671975,0.271975131,25.43269017,9.245738264,21.85162661,0.868,0.233343868,0.924524408,0.777581036,0.949594978,0.033054028,0.02,0.498412412,0.005593477,0.000594033,0.068156723,0.427243355,0.051403845,0.020340211,-368.0263115,0.315517767
19,0.479045747,0.169397328,48.92771461,1.223048763,2.072413814,0.7475,0.005479024,0.941417321,0.750978038,0.945641546,0.994455077,0.02,0.267230723,0.002377572,0.000793539,0.728579217,0.001018949,0.153536278,0.14465237,-368.1774525,0.081183868
13,0.624455866,0.04755749,40.62465216,1.226162462,16.97433029,0.1083,0.009352321,0.866574812,0.680861949,0.979780541,0.946385786,0.02,0.690629682,0.001499463,0.002152794,0.30501418,0.000703882,0.124845601,0.046160765,-368.1909522,0.030928308
26,0.361579299,0.249903174,31.63104438,9.997239419,15.94301285,0.6857,0.104021216,0.980690094,0.604378451,0.972486596,0.13213859,0.02,0.213099228,0.006130535,3.83E-05,0.7152114,0.065520535,0.053397726,0.032594876,-368.2046347,0.164267287
25,0.358332629,0.270334958,25.48902577,10.23307002,11.36643668,0.868,0.207292689,0.898413928,0.840937256,0.975090114,0.098901353,0.02,0.043930155,0.000137492,0.000564547,0.952435407,0.0029324,0.104406055,0.098464962,-368.2187788,0.191599288
26,0.42784063,0.274472459,36.0178907,5.882203786,6.8680368,0.6857,0.116453294,0.893737939,0.965150814,0.975909949,0.09839528,0.02,0.076039573,0.010866602,0.000364682,0.906016358,0.006712784,0.06584625,0.03629419,-368.334084,0.138999367
16,0.395112208,0.235033666,37.2133001,10.06091233,42.59171991,0.3246,0.007338112,0.979424233,0.681040228,0.837858144,0.460989193,0.02,0.539713676,0.001492338,0.00149814,0.390904935,0.066390911,0.08630483,0.060608572,-368.4683488,0.096223859
6,0.253584426,0.308726671,46.33606983,9.325196554,7.165054873,0.6855,0.11536598,0.910898312,0.827964404,0.896534425,0.06333517,0.02,0.119988657,0.015385899,0.000661654,0.59828159,0.265682201,0.050956412,0.084499524,-368.4711061,0.36325903
25,0.311388307,0.267000098,26.85615497,12.93414967,20.30668983,0.868,0.139677836,0.946025449,0.636161659,0.976241362,0.317808726,0.02,0.554439891,0.003314134,0.000302027,0.033585793,0.408358156,0.061735893,0.027630926,-368.5388691,0.196656549
10,0.404643741,0.308459899,16.57081829,5.2086726,7.223701824,0.9583,0.123872214,0.977653913,0.75012044,0.978954643,0.430735142,0.02,0.079760736,0.004734392,0.000568099,0.907492734,0.007444039,0.09555887,0.059768794,-368.6632853,0.231568128
10,0.257737295,0.32881868,16.71001633,6.507063799,15.10185129,0.9583,0.201011788,0.972436689,0.752241008,0.983390652,0.069807905,0.02,0.518050154,0.001522678,0.000128505,0.010878878,0.469419786,0.051793012,0.092529991,-368.6920758,0.299145417
18,0.292886765,0.247131441,59.79224339,1.961826257,2.933384697,0.3173,0.001752648,0.821719451,0.67744899,0.794518577,0.605536849,0.02,0.609862059,0.000564628,0.001275643,0.003120957,0.385176713,0.03160524,0.017161171,-368.7329207,0.183613902
25,0.389655767,0.286778101,25.06844999,12.84896781,23.72058949,0.868,0.170161536,0.952211675,0.780969386,0.974074456,0.254981904,0.02,0.495181624,0.003001501,0.000236396,0.076020276,0.425560203,0.029896483,0.078045006,-368.7417663,0.203505114
10,0.313160717,0.324301143,21.33905489,4.348130109,5.289741181,0.9583,0.254869808,0.965638789,0.746417311,0.942166123,0.009940897,0.02,0.007436456,0.000744364,0.000116411,0.989354137,0.002348633,0.050036922,0.302479992,-368.7660704,0.184558933
3,0.391184753,0.333641433,13.50867179,8.356945494,21.71013965,0.4902,0.019200985,0.827198845,0.798461802,0.942534574,0.997304501,0.02,0.585832222,0.024939581,0.000871918,0.373541905,0.014814375,0.001460894,0.048457607,-368.7815,0.17788487
9,0.222906192,0.288913362,59.87364795,7.411938306,3.977295466,0.8406,0.263418233,0.984348114,0.847679233,0.975279401,0.073680075,0.02,0.492801458,0.013061826,0.000969398,0.005961704,0.487205614,0.04504804,0.006382045,-368.7865359,0.260624681
3,0.397700076,0.278409781,13.3979303,6.930197993,9.718831262,0.4902,0.012241117,0.886687767,0.683094398,0.878506846,0.998710208,0.02,0.521286782,0.009235057,0.000329,0.018666425,0.450482736,0.030687981,0.100238612,-368.7958411,0.089841513
9,0.303854143,0.282449842,52.67598739,5.042398635,2.986446296,0.8406,0.167680372,0.984239536,0.877284779,0.990298122,0.165589493,0.02,0.533795894,0.018785031,0.00054703,0.039513235,0.407358811,0.025213051,0.01425659,-368.8792728,0.156205892
25,0.366772592,0.302781104,19.15963344,14.39574667,30.87374925,0.868,0.199660849,0.985588728,0.835435367,0.918696011,0.071414437,0.02,0.524495143,0.007318263,0.000973431,0.004120283,0.46309288,0.105311439,0.045331901,-368.8884479,0.132882171
10,0.293255404,0.324867826,17.90888944,2.683350354,4.293199155,0.9583,0.281806355,0.959457078,0.827006693,0.910832612,0.088423319,0.02,0.152095425,0.003062089,0.000309081,0.803435808,0.041097597,0.010713839,0.091357439,-368.9144882,0.44818445
9,0.217488258,0.270359014,63.85834347,4.271516248,2.028795972,0.8406,0.090410007,0.956055108,1.03782872,0.99581493,0.473624913,0.02,0.026896127,0.001023811,0.00048526,0.593044784,0.378550017,0.123879502,0.07175333,-368.9190146,0.159063837
3,0.363441739,0.302420013,16.70137073,6.734496425,10.48143276,0.4902,0.014943581,0.775864379,0.690246627,0.937568369,0.975474973,0.02,0.666237675,0.008087113,0.000703244,0.003217571,0.321754398,0.022871422,0.08353327,-369.091147,0.174296205
25,0.305013438,0.299424905,25.97030461,11.48793705,7.762223837,0.868,0.255763368,0.935618869,0.80645776,0.936120582,0.078187811,0.02,0.478622555,0.001531562,0.000737743,0.003298434,0.515809705,0.078396233,0.019840665,-369.0996228,0.271776097
3,0.376041827,0.355809737,14.46546288,10.83661866,14.75921349,0.4902,0.018710829,0.888631129,0.830258411,0.872174776,0.910794881,0.02,0.573275239,0.037735858,0.00014304,0.000735841,0.388110022,0.014872471,0.066911563,-369.101085,0.126233184
1,0.193708859,0.307033462,47.72530787,1.146733703,3.379333268,1.6133,0.206392065,0.982053741,0.744927694,0.998819106,0.870359153,0.02,0.434639803,0.001161701,0.00041825,0.40996197,0.153818275,0.003356659,0.028739182,-369.1335524,0.3675695
6,0.377956441,0.321974765,31.52343334,14.40426927,10.96424806,0.6855,0.061636125,0.963119755,0.756312713,0.954254215,0.297019749,0.02,0.359457493,0.005527561,0.001208719,0.200597579,0.433208647,0.014511789,0.004138881,-369.2174542,0.102712109
9,0.314518431,0.282423988,82.19118551,17.33230607,4.258181626,0.8406,0.230909837,0.998127759,0.823769702,0.987054548,0.268134012,0.02,0.180858774,0.019788819,0.000299422,0.252073799,0.546979185,0.088477627,0.035929538,-369.2253055,0.268046209
6,0.276153784,0.273364002,35.36218186,13.11171282,20.1115913,0.6855,0.1075599,0.928266881,0.589954035,0.996811705,0.085727123,0.02,0.139941583,0.002653136,0.000747913,0.838427651,0.018229717,0.133139793,0.012886232,-369.2259513,0.131794485
6,0.366992278,0.303204407,33.10388482,10.82361857,15.11682942,0.6855,0.09537265,0.878992618,0.759637999,0.844633518,0.341959467,0.02,0.235699231,0.017925026,0.000982323,0.714255529,0.031137892,0.059971459,0.015779126,-369.3630762,0.357619239
19,0.133764275,0.333481592,71.82889637,2.949059629,3.163579218,0.7475,0.045411732,0.912933404,0.663151068,0.756946075,0.968258906,0.02,0.004136632,0.003216198,0.000191499,0.992446601,9.07E-06,0.172923334,0.00803062,-369.4263272,0.520535393
9,0.274038476,0.287369305,49.9726792,7.262595,3.822892383,0.8406,0.028705113,0.989334443,0.820460003,0.973785445,0.861196355,0.02,0.470506404,0.041465579,0.000196928,0.007530821,0.480300269,0.041031816,0.076131584,-369.4327081,0.119364815
18,0.574404703,0.111255095,50.05088177,1.682717846,5.385921561,0.3173,0.004840284,0.935548213,0.721229745,0.972073917,0.166446928,0.02,0.582093402,0.002480703,0.006470634,0.004987304,0.403967957,0.15658302,0.080371069,-369.5026157,0.024796885
10,0.420964445,0.249577241,20.88512034,4.277646247,5.786664277,0.9583,0.239835501,0.951338144,0.70488176,0.983700108,0.020541501,0.02,0.206763687,0.005230341,0.000458697,0.782182182,0.005365092,0.023989068,0.035377596,-369.5844822,0.151894754
25,0.33946417,0.27899797,25.67571446,9.823236962,13.85575838,0.868,0.095185475,0.975180109,0.789451811,0.973275166,0.52808238,0.02,0.468286979,0.002897707,0.000894207,0.008294315,0.519626793,0.106705159,0.123460469,-369.6072736,0.093203156
10,0.36606703,0.328835024,17.81178647,4.508861627,5.26861755,0.9583,0.304199678,0.990090222,0.905237847,0.905224297,0.057702626,0.02,0.018548764,0.004600493,0.000988488,0.971697683,0.004164572,0.014776918,0.272965517,-369.6277891,0.325715408
19,0.447887943,0.182081915,58.34747945,2.667000039,6.433737287,0.7475,0.008627963,0.980017843,0.656183939,0.946937257,0.985950838,0.02,0.387770302,0.003787265,0.00216222,0.605283442,0.000996771,0.049993953,0.082412454,-369.6982859,0.090532994
10,0.372950998,0.354079698,16.88081182,5.232951905,7.746781281,0.9583,0.218747904,0.99395308,0.908735455,0.911208116,0.156982188,0.02,0.087976132,0.001080407,0.00023132,0.902840668,0.007871472,0.056031897,0.154094448,-369.7286327,0.151330786
13,0.484863732,0.197118506,36.32943618,4.231847167,13.62637524,0.1083,0.003793794,0.76988981,0.675936074,0.955629314,0.901666112,0.02,0.569530446,0.000669171,0.001933936,0.42390321,0.003963236,0.174106829,0.020283449,-369.7458485,0.142218113
22,0.327662525,0.294671309,35.29230064,5.195010966,9.889084482,1.3623,0.204397404,0.972793401,0.811303228,0.986803345,0.711721142,0.02,0.157613745,0.017633586,0.001237375,0.822675384,0.00083991,0.022537336,0.011079772,-369.8787932,0.116170932
9,0.304103809,0.280331671,56.7630442,17.86687065,2.307946682,0.8406,0.439161628,0.875776071,0.775878728,0.978495686,0.138424477,0.02,0.380591626,0.006503938,0.000116579,0.014186455,0.598601401,0.046551045,0.046779089,-369.9586867,0.155699993
9,0.26989082,0.288864004,53.39463026,13.95603815,5.664064403,0.8406,0.176042506,0.991008077,0.619102241,0.988972808,0.269784537,0.02,0.050623562,0.008165021,9.16E-05,0.486532537,0.454587327,0.12147818,0.036306048,-369.987874,0.152287906
25,0.354724675,0.309618258,23.15333982,8.87610788,19.51350896,0.868,0.171771146,0.944131785,0.689563013,0.9928031,0.126667699,0.02,0.369453057,0.005073503,0.000325141,0.376415802,0.248732497,0.029372215,0.139819799,-370.0319164,0.080853302
10,0.424658121,0.305668703,16.1948917,3.167616099,3.673770788,0.9583,0.12201123,0.983588248,0.814208496,0.917064554,0.467942876,0.02,0.102499225,0.022484227,0.002499891,0.846345737,0.02617092,0.085398306,0.110182214,-370.0916068,0.228144446
9,0.297300433,0.279570049,62.67742279,12.56075443,3.159453828,0.8406,0.039810857,0.844141132,0.786165851,0.984952904,0.836150945,0.02,0.285099125,0.027859536,0.000428615,0.038173505,0.64843922,0.057001868,0.071502439,-370.0972101,0.194468967
1,0.227550251,0.30644486,47.10239949,1.354864419,6.107226279,1.6133,0.218318764,0.984340962,0.709455037,0.980352069,0.967699872,0.02,0.575251593,0.005834468,0.000435869,0.000222223,0.418255848,0.000192936,0.032251662,-370.1083065,0.522825196
10,0.319887361,0.365534093,17.86063867,5.163855399,8.492481857,0.9583,0.219966478,0.939753614,0.827867216,0.977540781,0.010938084,0.02,0.602779524,0.016378014,0.000410473,0.002069084,0.378362905,0.062468769,0.026340936,-370.1900857,0.316655316
22,0.286922756,0.284608964,34.40815438,3.934214739,6.620270797,1.3623,0.275602168,0.980848581,0.81197951,0.989026631,0.565339674,0.02,0.043028262,0.003218707,6.66E-05,0.949354221,0.004332164,0.077473404,0.127365307,-370.361063,0.390554996
16,0.405295616,0.268037611,29.42033272,11.3347405,12.80469885,0.3246,0.014736226,0.817852243,0.756669137,0.842653566,0.375769169,0.02,0.084224883,0.002021115,0.00110467,0.886657308,0.025992024,0.06566548,0.304545138,-370.4164651,0.153979334
1,0.149274496,0.299451443,60.02544583,4.414314102,13.36809948,1.6133,0.19253752,0.993827028,0.783184104,0.990886716,0.990115893,0.02,0.484408759,0.003141474,0.000374512,0.056078853,0.455996403,0.005379541,0.01616494,-370.4472565,0.271457418
10,0.393371522,0.314598476,16.74737432,4.72476314,6.710739181,0.9583,0.255995173,0.974341478,0.858762214,0.963364275,0.010032648,0.02,0.368941778,0.050494963,0.000555634,0.080812043,0.499195582,0.038465067,0.057958887,-370.5164424,0.113919557
3,0.412460428,0.34935876,12.98568563,8.677252368,11.72350845,0.4902,0.016202905,0.743769624,0.726970911,0.856991716,0.940283137,0.02,0.527775361,0.013301675,0.000540612,0.122263004,0.336119348,0.003771151,0.106442968,-370.7076411,0.106760218
9,0.165194432,0.329508973,71.81482231,17.72419402,3.713371266,0.8406,0.129740108,0.979889027,0.905169602,0.984594772,0.367415317,0.02,0.405817356,0.011954807,0.000432723,0.072867975,0.50892714,0.014574373,0.035985196,-370.7404396,0.151908907
22,0.247105964,0.354173585,34.95642028,4.730456437,10.29574758,1.3623,0.238926183,0.984963778,0.840044493,0.981455613,0.634835694,0.02,0.138385918,0.001630385,0.000294014,0.858480049,0.001209634,0.061445484,0.11595102,-370.9081389,0.157767082
25,0.354223969,0.331744675,19.83429284,8.638353622,8.153446989,0.868,0.125084578,0.939872686,0.622060901,0.832848611,0.559649093,0.02,0.042616082,0.000523626,0.000404611,0.954371993,0.002083688,0.007037643,0.115437636,-370.9683771,0.077045241
9,0.182655298,0.321367958,63.85907295,25.4514746,1.939194834,0.8406,0.317312163,0.992002644,0.765147627,0.934510547,0.339888433,0.02,0.086366341,0.010717606,0.00028582,0.390329144,0.512301088,0.064120414,0.06734522,-371.0853476,0.431921075
10,0.358676549,0.30419717,16.82318903,10.51255595,13.19295994,0.9583,0.276974987,0.931738897,0.827012872,0.847530241,0.239719062,0.02,0.462660548,0.020528811,0.000768605,0.039950218,0.476091818,0.055567104,0.051701724,-371.0906164,0.167264655
18,0.608694826,0.10110884,52.15596055,1.693998756,7.420709049,0.3173,0.004523772,0.812580173,0.697194088,0.986437998,0.881309548,0.02,0.665331006,0.002596739,0.00225118,0.008152132,0.321668942,0.111307987,0.115107296,-371.1709166,0.04361612
10,0.382964182,0.312021805,20.01149571,6.726280751,4.982532916,0.9583,0.310400676,0.960843085,0.697200368,0.941441937,0.06298885,0.02,0.474873149,0.029881665,0.000252095,0.064237362,0.430755728,0.031279574,0.039684309,-371.321916,0.0664064
22,0.281035994,0.306389143,38.59706715,9.541816727,9.96428218,1.3623,0.18437521,0.945202004,0.651479864,0.978191295,0.840017393,0.02,0.029604957,0.000880521,0.000567701,0.967551812,0.001395008,0.044580893,0.037443958,-371.5129376,0.294613682
10,0.377847948,0.368569743,15.85942869,4.534950895,8.698573217,0.9583,0.23757324,0.962016824,0.875895331,0.94238685,0.078869836,0.02,0.479330996,0.040679941,0.002020623,0.019629343,0.458339098,0.022112154,0.088226495,-371.5146684,0.1318932
22,0.274496713,0.313912063,34.01670328,4.427260838,6.32406185,1.3623,0.277352895,0.854919422,0.906964468,0.953327635,0.766723047,0.02,0.012144646,0.005951767,0.000935298,0.9777656,0.003202689,0.132034834,0.301398312,-371.5583765,0.170079678
10,0.344045128,0.374249084,14.89214149,6.475503609,5.168592124,0.9583,0.433164778,0.993693419,0.685124672,0.93820048,0.0348257,0.02,0.090600571,0.020827606,0.000331669,0.881518741,0.006721413,0.100088726,0.152970447,-371.5643883,0.208080001
22,0.286848269,0.320711982,33.98922979,11.03055707,21.86847439,1.3623,0.276301621,0.955534615,1.038785665,0.930925869,0.731218586,0.02,0.056420281,0.001808418,0.001148079,0.940438381,0.000184841,0.050035905,0.015280409,-371.7030133,0.1779904
5,0.327983573,0.280926679,39.90748336,55.30838265,4.532971867,2.589,6.370805056,0.866077536,0.118507242,0.853020173,0.118620236,0.02,0.022085901,0.012436675,0.000441573,0.003910802,0.961125049,0.301979262,1.128189016,-371.732565,0.151085925
25,0.501172312,0.193294758,30.5812734,10.73711604,20.37683657,0.868,0.167947427,0.921996015,0.838041326,0.977810851,0.057551249,0.02,0.417105704,0.000465834,0.001213579,0.345680199,0.235534683,0.154097111,0.065628362,-371.8015561,0.04111151
1,0.319874067,0.311404103,51.65030962,1.687375624,5.651629157,1.6133,0.2511167,0.980781612,0.80100285,0.968182466,0.811117027,0.02,0.537008537,0.004006998,0.000458064,0.013524375,0.445002026,0.003889894,0.033648978,-371.8882201,0.162358936
9,0.25546313,0.315678956,59.19699857,11.63729024,1.84499242,0.8406,0.195730942,0.842965299,0.755039539,0.993338286,0.396893621,0.02,0.268780647,0.014595708,0.000986715,0.091440091,0.624196839,0.064064077,0.11225651,-371.9785941,0.158339063
9,0.402840221,0.26706475,47.73795823,18.90859075,3.127465209,0.8406,0.302853664,0.780351609,0.812869826,0.995494796,0.256857385,0.02,0.418127277,0.026717312,0.000649107,0.051651919,0.502854385,0.052292553,0.01845191,-371.978627,0.134201434
5,0.229928517,0.357647171,33.38278344,35.36691465,6.134247317,2.589,3.336657272,0.876955673,0.265984834,0.970682773,0.062566892,0.02,0.002853296,0.004446864,0.000454191,0.000661471,0.991584179,1.133500179,1.025341669,-372.007194,0.156281385
10,0.325546347,0.368639947,18.16374071,6.090031939,3.821312075,0.9583,0.397707203,0.998973511,0.665948026,0.940155582,0.026041839,0.02,0.217185973,0.008889318,0.000469051,0.351875246,0.421580412,0.023931699,0.052000451,-372.0233737,0.105770495
18,0.275673676,0.377898235,50.37459536,3.349655125,2.093191414,0.3173,0.011238726,0.607611963,0.899822826,0.961747811,0.903546885,0.02,0.57349699,0.002389395,0.001183339,0.003463827,0.419466449,0.02953778,0.04221974,-372.0255834,0.151106569
9,0.207242221,0.392894978,60.76711607,4.743736026,4.743042717,0.8406,0.014020925,0.973676162,0.661294065,0.962138241,0.762928951,0.02,0.471806137,0.002113693,0.000312309,0.007729118,0.518038743,0.02844816,0.063167186,-372.1497849,0.276859434
22,0.307041261,0.343139615,36.59296336,6.351517816,8.415665178,1.3623,0.134171849,0.959381453,0.703407944,0.961723035,0.865198075,0.02,0.107453857,0.004963311,0.000998991,0.884435338,0.002148503,0.065479385,0.06293629,-372.1610844,0.357656282
25,0.285361955,0.287235386,25.32508274,14.88829565,22.11668618,0.868,0.181864015,0.954444253,0.849060615,0.98044922,0.1163008,0.02,0.288782861,0.000649229,0.00099815,0.069800244,0.639769516,0.08273603,0.027691107,-372.1801632,0.30618513
3,0.341933735,0.3870195,15.13969576,6.568590072,15.08284586,0.4902,0.065792246,0.926632361,0.748658812,0.683883832,0.979436612,0.02,0.649092163,0.029858718,0.000800903,0.019687168,0.300561049,0.016104389,0.011265873,-372.2621333,0.123158932
5,0.250472367,0.297733861,40.87031866,39.17136781,7.041129906,2.589,3.166693385,0.807951122,0.265550657,0.929037117,0.056977314,0.02,0.030802388,0.006853994,0.000890863,0.000193981,0.961258774,0.58645553,0.202288432,-372.4094309,0.196356392
18,0.35919751,0.365483447,51.04012703,2.180087836,2.717074919,0.3173,0.006448372,0.706945289,0.845303839,0.947433794,0.994025288,0.02,0.643689426,0.004019624,0.001445044,0.000729463,0.350116443,0.095147417,0.007913178,-372.6687246,0.16891506
22,0.274827251,0.330968372,39.51817487,8.273490155,16.12271511,1.3623,0.318671178,0.874570173,0.886906008,0.949664901,0.402070065,0.02,0.206884816,0.003657481,0.000220678,0.789072068,0.000164958,0.101221962,0.088068868,-372.8401462,0.232969135
11,0.239000982,0.337082845,35.28663182,40.3671618,7.024890453,2.3133,2.719480874,0.80353788,0.309922965,0.987583111,0.260911345,0.02,0.02519982,0.067047595,0.000599218,0.001148536,0.906004831,0.429687143,0.279793771,-372.8630021,0.165964767
19,0.679057423,0.035089014,52.81159423,1.266225727,4.413233659,0.7475,0.006455161,0.963545021,0.673663148,0.955298076,0.979010364,0.02,0.45053091,0.001230176,0.001942145,0.545949997,0.000346772,0.101517997,0.05789812,-372.8688063,0.018781619
14,0.227112838,0.344358187,26.4742189,55.52687897,14.0846953,2.7308,3.575137632,0.883447854,0.28571113,0.848206432,0.247811632,0.02,0.03160352,0.000125677,0.000718615,0.013553876,0.953998312,0.617674377,0.063446441,-372.8739479,0.22175993
1,0.314774624,0.285640534,44.0623288,1.988024041,6.388215036,1.6133,0.253787122,0.909717412,0.726940892,0.985059778,0.803001539,0.02,0.608481201,0.006783648,0.000765253,0.008155624,0.375814274,0.002306251,0.047670711,-372.9390718,0.246183971
16,0.518790252,0.199411091,33.58710046,4.971245079,13.20282837,0.3246,0.006954275,0.822563504,0.761799025,0.8190533,0.613069975,0.02,0.469733537,0.018108845,0.001513691,0.483240048,0.027403878,0.169838997,0.129976949,-372.9717125,0.072657833
22,0.255059046,0.357623635,27.13319527,12.10294544,14.90332055,1.3623,0.16065062,0.89512571,0.577023156,0.958345003,0.966380461,0.02,0.044637518,0.005833442,0.000348354,0.947992874,0.001187812,0.077250899,0.091957119,-373.0487778,0.172679005
2,0.258296408,0.300715995,33.77833497,74.46099186,2.419372428,2.2617,17.18884483,0.873459198,0.186162938,0.871069084,0.925406603,0.02,0.544532763,0.133118758,0.000370339,0.025896827,0.296081313,0.05974203,0.011103151,-373.1394455,0.583334783
1,0.304441858,0.278474533,62.42806459,1.419603474,3.719411242,1.6133,0.344598313,0.791382922,0.709440083,0.901466241,0.925090063,0.02,0.495725394,0.017454616,0.001232119,0.396315115,0.089272757,0.006356439,0.00946721,-373.2488511,0.317625514
21,0.390046726,0.275605586,36.0484063,32.33042691,3.302955845,2.9926,3.621377943,0.978650215,0.121014032,0.963918274,0.527896712,0.02,0.001812592,0.011377334,0.000772599,0.007882807,0.978154668,0.418944436,0.38443756,-373.2632093,0.144828595
5,0.348129223,0.286641499,31.77429928,42.15759185,8.927486483,2.589,3.869179834,0.96869543,0.343880504,0.6064057,0.002926144,0.02,0.00876272,0.042329728,0.000556583,9.44E-05,0.948256564,0.049320718,0.304511931,-373.486595,0.158889602
1,0.345113821,0.297998951,58.16336796,1.555082485,1.823305466,1.6133,0.217269442,0.88261287,0.871890854,0.922101761,0.955167064,0.02,0.438532757,0.005652276,0.000191955,0.006187702,0.549435309,0.031544366,0.047700388,-373.7784648,0.402760692
3,0.329686705,0.387840283,16.18468599,3.78125999,8.206403118,0.4902,0.082288031,0.888847082,0.759812929,0.654071045,0.982778886,0.02,0.58422349,0.026291822,0.001474225,0.360406554,0.027603908,0.013927918,0.098585492,-373.8116262,0.325258705
24,0.309667002,0.321556884,44.10975619,21.19502792,2.547983989,2.4334,2.383119566,0.941318492,0.291843957,0.922912439,0.385896593,0.02,0.01439009,0.008666926,0.000923982,0.000351115,0.975667887,1.523978486,0.342802599,-373.9428777,0.126710237
8,0.274428149,0.311389698,70.22332989,48.99973339,4.230516449,2.6045,5.393065047,0.703660368,0.174204878,0.841176846,0.711804652,0.02,0.009837332,0.000554208,0.001045201,0.001060558,0.987502701,0.959813214,1.135475282,-373.9561678,0.209359507
26,0.632312682,0.089899145,39.31357137,4.661881831,16.50239703,0.6857,0.083818758,0.991549395,0.734313252,0.987545553,0.091244978,0.02,0.513242993,0.002046357,0.005770911,0.470419572,0.008520166,0.099967197,0.502914312,-374.0800356,0.026604868
22,0.317765718,0.330355411,33.83090769,2.729831094,9.843869868,1.3623,0.334462879,0.935012511,0.747884591,0.945804901,0.159092027,0.02,0.373597009,0.000945225,0.001505049,0.62384911,0.000103607,0.028576927,0.116788672,-374.1198757,0.253748956
18,0.537253594,0.195933636,41.68194237,2.333838383,2.250089119,0.3173,0.00301978,0.758779689,0.849622404,0.899734707,0.310079184,0.02,0.540531466,0.009904166,0.00290676,0.001354171,0.445303438,0.216229304,0.282634923,-374.1660866,0.057182558
12,0.241095565,0.367137238,36.24661655,32.37090736,5.953597637,2.6542,3.458823542,0.899859848,0.331850853,0.984370044,0.242342808,0.02,0.03278192,0.041247712,0.00042113,0.065371891,0.860177346,0.179060053,0.115712948,-374.1863943,0.216962418
21,0.271306657,0.346188407,44.03618064,21.28327081,4.474747757,2.9926,2.241394554,0.962641283,0.351768723,0.962972125,0.730740859,0.02,0.009609802,0.00952494,0.000685637,0.003024638,0.977154984,0.513624302,1.701577335,-374.2316321,0.303028662
16,0.582198062,0.145297287,36.328661,3.007372374,26.27927304,0.3246,0.00624491,0.932246516,0.659933743,0.855031763,0.91330353,0.02,0.680646849,0.004590026,0.003770774,0.061129617,0.249862734,0.15089362,0.26721344,-374.2350279,0.071096688
3,0.424036603,0.348483021,14.401781,8.130503812,14.54478695,0.4902,0.067742729,0.837297217,0.832543762,0.787825073,0.997024712,0.02,0.658658357,0.044833047,0.004148314,0.008043239,0.284317044,0.011988894,0.012669611,-374.3519156,0.114456418
22,0.328868941,0.341590176,36.03746747,8.434315802,14.51680632,1.3623,0.368798246,0.94777759,0.883385551,0.958927036,0.337864782,0.02,0.01030584,0.003963188,0.000926073,0.984565194,0.000239706,0.031436774,0.270729579,-374.3695159,0.235402897
20,0.155959668,0.303731769,52.03072666,1.329771202,1.290140623,2.4946,0.769143629,0.957597327,0.595779812,0.455847307,0.014613539,0.02,0.037637862,0.011106273,0.000701741,0.942676574,0.007877549,0.065808417,0.067491875,-374.4317993,0.517015599
1,0.345861642,0.315165974,58.70862271,2.343008462,6.91037866,1.6133,0.20585607,0.989603222,0.708036439,0.973549161,0.806961891,0.02,0.437119254,0.050518815,0.000842742,0.000136949,0.51138224,0.004187537,0.03148504,-374.4390713,0.103422177
14,0.346411455,0.328668249,28.12450217,30.70980188,5.932315749,2.7308,2.761054079,0.784489523,0.33769034,0.930881593,0.354923765,0.02,0.022478802,0.024278333,0.000798775,0.013097365,0.939346725,0.434769786,0.753790791,-374.5579949,0.283106502
27,0.296481157,0.340930528,14.84992589,2.79203752,2.579194102,1.6987,0.430879368,0.908429445,0.538293801,0.885476334,0.659514212,0.02,0.145067545,0.000789439,0.000870478,0.852219883,0.001052655,0.184457114,0.108728693,-374.5791721,0.16473262
5,0.209446165,0.33237163,29.54495218,34.94312607,6.564116885,2.589,5.914438317,0.944195756,0.384171142,0.424921448,0.188529015,0.02,0.068504192,0.076840008,0.000153225,0.000909229,0.853593346,0.153595114,0.691866684,-374.7222905,0.208427161
17,0.308398809,0.345522004,19.04232012,30.51997322,2.662374297,1.8749,2.828986607,0.905784596,0.341908471,0.906751841,0.708428469,0.02,0.243619206,0.190812792,0.000115115,0.003207982,0.562244905,0.140490117,0.075202964,-374.7805735,0.109126229
8,0.179866093,0.386019441,57.52839347,47.33417047,5.683372717,2.6045,4.140474036,0.788245245,0.227639271,0.800126615,0.709973608,0.02,0.087338308,0.033615955,0.000182316,0.008456554,0.870406867,0.133142109,0.146845447,-374.8242032,0.153067298
21,0.264766092,0.363741386,41.88117996,21.78725481,3.332355693,2.9926,2.908484097,0.960178188,0.303273609,0.855410229,0.936947451,0.02,0.025953492,0.000580447,0.000630649,0.003896182,0.968939229,0.173499632,0.077995432,-374.8278486,0.133882201
21,0.257210945,0.375859205,37.03215407,23.98092249,6.325936092,2.9926,2.965183893,0.871365021,0.304447572,0.93184877,0.452136991,0.02,0.00496645,0.004743496,0.000877054,0.018253582,0.971159418,0.57802418,1.05278149,-374.9581752,0.227932679
17,0.313932825,0.380524285,21.13428297,34.92629268,8.652423117,1.8749,1.437703167,0.971156929,0.528617375,0.995549058,0.556052238,0.02,0.322108126,0.079194525,0.000464904,0.000480573,0.597751871,0.090989006,0.047939438,-374.9899364,0.249247678
1,0.280045487,0.326768519,50.88245206,2.014555239,2.406676767,1.6133,0.230391652,0.861289974,0.619820922,0.973319554,0.982823184,0.02,0.636601328,0.054853197,0.00049515,0.009152912,0.298897412,0.008038169,0.033163536,-375.0280481,0.183930828
5,0.195441781,0.341477069,39.57662515,34.99627417,11.54020243,2.589,3.312121484,0.85248963,0.46536796,0.820182799,0.007838709,0.02,0.108674899,0.124260113,0.001075653,0.001078715,0.76491062,0.156081927,0.055998743,-375.0712575,0.243468681
1,0.228166443,0.372518546,64.40170243,2.373380013,9.985551605,1.6133,0.19625347,0.910814609,0.641138812,0.954733634,0.988574962,0.02,0.587740982,0.007084429,0.000806701,0.000305013,0.404062874,0.00803632,0.053100694,-375.1136298,0.248378537
1,0.185562842,0.314058285,59.55324962,6.615044304,6.430786668,1.6133,0.422934211,0.881587755,0.779815128,0.899427426,0.869979182,0.02,0.474064346,0.05545255,0.000349673,0.011606827,0.458526604,0.019793783,0.034229477,-375.1959316,0.257400315
17,0.316758372,0.364009577,22.84650549,29.36320593,5.235172843,1.8749,1.753215375,0.963043544,0.452462922,0.92221491,0.537704755,0.02,0.182914018,0.022447992,0.000341092,0.017558245,0.776738653,0.205534497,0.024033352,-375.2083157,0.141100679
1,0.258234673,0.342398206,48.92370304,3.863862869,3.323687222,1.6133,0.248685142,0.94734728,0.825147703,0.974101883,0.986134737,0.02,0.338431357,0.004790156,0.001672832,0.001897172,0.653208483,0.03974205,0.076403256,-375.2201827,0.319043187
1,0.43374281,0.270769825,58.00044381,2.94995642,5.898332003,1.6133,0.218593342,0.953949308,0.680751255,0.96627627,0.971655912,0.02,0.459725524,0.002274803,0.000583783,0.021755945,0.515659944,0.01935183,0.073690064,-375.2389514,0.069951727
1,0.195842862,0.341141748,61.33114562,3.830914503,2.740789393,1.6133,0.265450503,0.887319973,0.825141712,0.981866784,0.928649126,0.02,0.24802051,0.019149607,0.000271903,0.001893391,0.730664589,0.018729208,0.064801565,-375.2665509,0.42070968
2,0.204598254,0.336996403,33.51712755,2.596490327,10.36556177,2.2617,0.354333882,0.975603817,0.766019989,0.991238759,0.983882752,0.02,0.242397097,0.000103844,5.07E-06,0.739772764,0.017721224,0.179068462,0.045982784,-375.2686282,0.649924333
16,0.422910385,0.28070011,28.6691961,9.115412513,10.77741716,0.3246,0.03331625,0.963193739,0.846314324,0.604732064,0.501405446,0.02,0.114401791,0.000397206,0.002782626,0.841636466,0.04078191,0.164512396,0.254316037,-375.2761733,0.074924384
16,0.44868641,0.286101981,31.35012722,3.745944098,3.703584756,0.3246,0.035350602,0.856728608,0.80747236,0.516970349,0.930673866,0.02,0.074585407,0.00463824,0.001933249,0.896522972,0.022320133,0.05687577,0.344692983,-375.358879,0.104156304
5,0.314417933,0.343131746,31.26179404,34.9098936,11.40876835,2.589,4.089186378,0.891268245,0.330099117,0.536211256,0.052944503,0.02,0.016502262,0.055266161,0.000752328,0.000169107,0.927310142,0.420131303,0.560759445,-375.3785796,0.059167358
27,0.354167876,0.422002721,13.16994839,5.644312965,3.839026823,1.6987,0.65465179,0.863524109,0.541917679,0.958608148,0.629707199,0.02,0.049758074,0.012374339,0.000809898,0.927089324,0.009968365,0.251547249,0.025491361,-375.3837545,0.262542607
11,0.225558017,0.374483262,25.87325646,22.1204331,4.946688537,2.3133,2.206137323,0.78437474,0.487136764,0.936991633,0.441787563,0.02,0.044916096,0.048080882,0.000436136,0.036247953,0.870318934,0.617895097,0.201781995,-375.3861126,0.196148769
27,0.247735271,0.445655987,14.93041782,9.397801663,5.10417275,1.6987,0.930339659,0.907258886,0.736942257,0.979946463,0.567198466,0.02,0.177117746,0.012131962,0.000790819,0.476364064,0.333595409,0.150005091,0.039898,-375.493007,0.239528527
24,0.318305694,0.292789964,40.99385488,40.460042,9.941690415,2.4334,2.859802175,0.885371267,0.276933855,0.62429003,0.433525707,0.02,0.007123213,0.099409028,0.000813272,0.007242132,0.885412355,0.254389473,0.808776334,-375.5467615,0.291950858
17,0.238838152,0.362380946,20.65261377,17.92035587,3.084031607,1.8749,1.355563664,0.996984862,0.477132739,0.96445364,0.967644117,0.02,0.297081333,0.013535914,0.000438782,0.012549751,0.676394221,0.182377724,0.050038812,-375.6473081,0.16460892
17,0.232045679,0.352090152,24.99024136,21.26731461,3.096748366,1.8749,2.02870416,0.924474928,0.455402273,0.945314296,0.594823928,0.02,0.206815396,0.002576374,0.000214209,0.002468681,0.78792534,0.057094132,0.016307933,-375.7576838,0.263543648
12,0.328978449,0.372038144,26.85044012,26.50707711,5.462078279,2.6542,2.180753315,0.927927335,0.334557695,0.860919812,0.544564861,0.02,0.026333478,0.131232701,0.000204309,0.002904152,0.83932536,0.17528165,0.625521069,-375.8483874,0.214367225
27,0.310531128,0.422887633,13.23229953,3.483750911,3.10911034,1.6987,1.016873562,0.865060671,0.56993464,0.966804262,0.209140142,0.02,0.423913337,0.017370583,0.001630895,0.525601643,0.031483541,0.021325383,0.018116103,-375.8612389,0.284803379
27,0.36107627,0.380443227,15.05699091,7.033385143,2.966136618,1.6987,1.79799051,0.953032853,0.586737635,0.97784825,0.296269892,0.02,0.100133495,0.000999065,0.000115138,0.895644006,0.003108296,0.046375843,0.116997952,-375.8724818,0.153683005
14,0.285978314,0.318913835,26.01946452,41.45869872,13.24349581,2.7308,3.203902402,0.859737592,0.263437543,0.72244401,0.063624872,0.02,0.006594249,0.003619482,0.000491112,0.003965946,0.98532921,0.094934669,1.262976832,-375.895293,0.178959304
5,0.348064247,0.271697882,30.78723986,21.01428185,5.168186467,2.589,2.370992602,0.946228011,0.313280914,0.787066493,0.054182147,0.02,0.007358177,0.026892756,0.000299263,0.000296611,0.965153192,3.479048242,0.03871376,-376.2556193,0.328170508
5,0.241091531,0.398780927,40.23324216,48.28771982,20.55968142,2.589,2.912728197,0.904070661,0.439091607,0.647229987,0.139413604,0.02,0.015562483,0.1522089,0.000838006,0.001490264,0.829900348,0.223478054,0.352882884,-376.2714089,0.332088892
12,0.310990826,0.335597212,34.46692992,19.57812061,4.096845188,2.6542,2.36624522,0.753426899,0.334093547,0.978101511,0.680383813,0.02,0.017795159,0.237800623,0.000591077,0.003083621,0.740729521,0.234886502,0.219972588,-376.5887412,0.22804072
21,0.365377718,0.327059897,38.47090854,37.34390405,7.224387362,2.9926,2.966778963,0.986279854,0.138315319,0.845860125,0.606294404,0.02,0.004931704,0.007331992,0.002024095,0.013452737,0.972259472,0.562822396,2.201478479,-376.5999536,0.141242635
27,0.269151693,0.404409685,16.96335879,4.048570724,3.634513109,1.6987,0.945936383,0.839159662,0.557726186,0.945223711,0.332738965,0.02,0.142408025,0.002620346,0.001261493,0.847263112,0.006447023,0.252232955,0.034434011,-376.6770332,0.235801212
8,0.247296152,0.324570183,70.45158047,28.5233066,3.684934075,2.6045,3.497551204,0.65412126,0.303746014,0.680040284,0.92493395,0.02,0.049485211,0.392339157,0.000534333,0.050064139,0.50757716,0.321625072,0.136600762,-376.7361396,0.305237753
1,0.327064959,0.349006042,58.67304545,2.407567348,2.861319207,1.6133,0.386150882,0.811677177,0.70571704,0.921900626,0.82134117,0.02,0.468181161,0.003072241,0.000187795,0.000304285,0.528254519,0.006469499,0.119825157,-376.8158503,0.177644261
21,0.246681286,0.373737971,39.49637758,12.52845632,4.217200008,2.9926,2.093254568,0.892089922,0.386762879,0.879190436,0.297327484,0.02,0.003577844,0.073400719,0.000830345,0.003044759,0.919146333,0.619610025,3.537991993,-376.946034,0.314285751
17,0.36331488,0.398728933,15.54231364,14.6316844,5.925548618,1.8749,1.175366158,0.973572561,0.564040341,0.82112859,0.967301895,0.02,0.270633598,0.059047938,0.000824406,0.010934546,0.658559511,0.102401376,0.03523653,-376.9687638,0.142856799
27,0.354240499,0.398246141,14.69893181,9.983908755,6.703193012,1.6987,1.070098862,0.867197502,0.773117553,0.889722634,0.417744974,0.02,0.049778264,0.013819219,0.000665254,0.92331754,0.012419723,0.111880912,0.060853899,-377.0230655,0.112420024
14,0.262597928,0.352242334,30.33189492,25.51750162,13.30561117,2.7308,3.619642354,0.965144505,0.324168871,0.531101727,0.042882625,0.02,0.012244687,0.043728625,0.000587054,0.005147611,0.938292022,1.150610234,0.346884863,-377.0526936,0.09754277
17,0.180794117,0.345480766,20.19667187,16.69445575,6.323949203,1.8749,0.632367541,0.978362342,0.515728645,0.981177268,0.981485872,0.02,0.383810222,0.001992726,0.000955084,0.003248391,0.609993577,0.033161895,0.038222143,-377.058928,0.249888135
27,0.401003082,0.377843409,14.56000916,4.61367737,8.237362157,1.6987,0.336172798,0.933874212,0.801949387,0.887474743,0.597164624,0.02,0.251847371,0.011402273,0.000481799,0.69120439,0.045064167,0.359917697,0.045165732,-377.1479104,0.117018249
22,0.407238648,0.277067558,30.76215874,8.189976358,16.99158268,1.3623,0.236325434,0.960018942,0.876368403,0.966300564,0.534667396,0.02,0.067242622,0.002503116,0.005105949,0.921823067,0.003325246,0.100167461,0.228552017,-377.1630836,0.159190923
17,0.278244319,0.416698224,21.97993437,7.823672094,11.05146162,1.8749,0.679700727,0.994188993,0.595343668,0.959469413,0.481118566,0.02,0.407452667,0.013585464,0.001265935,0.023530419,0.554165514,0.12533923,0.029296529,-377.5762264,0.246608133
5,0.226902749,0.279623089,42.94600479,36.71924805,7.069870214,2.589,4.293354602,0.946124391,0.120176028,0.526574274,0.031135264,0.02,0.029712703,0.063774551,0.001086058,0.000162399,0.905264289,0.14270475,0.03422983,-377.6179419,0.21092337
8,0.268679781,0.363833501,51.13790781,14.24510449,1.330417213,2.6045,3.867389653,0.69104152,0.145363826,0.68827204,0.703028447,0.02,0.037610261,0.071076744,0.00125018,0.078949393,0.811113422,0.156053356,0.172946115,-377.7634513,0.358526244
17,0.258406464,0.354103343,22.48603212,19.32636404,9.6841236,1.8749,0.706213416,0.839388452,0.438084687,0.970027721,0.948979145,0.02,0.385658641,0.049066617,0.0004905,0.005201626,0.559582616,0.090101241,0.090701992,-377.7766935,0.341265501
27,0.359872572,0.45259229,15.50948434,5.019542484,8.988680086,1.6987,0.757287859,0.920007781,0.525929464,0.966910909,0.16573277,0.02,0.492749661,0.011852561,0.001019156,0.489399534,0.004979089,0.029870994,0.060620806,-377.781831,0.071891867
2,0.154692126,0.423418029,32.02376579,28.57821762,8.029214606,2.2617,1.991712454,0.87372128,0.359345588,0.962009523,0.986221771,0.02,0.206220614,0.058363373,0.000686136,0.06306601,0.671663866,0.226298905,0.024096465,-377.8871543,0.220462144
2,0.177825071,0.363665061,38.02826409,3.664746649,4.694770303,2.2617,0.559015361,0.912537635,0.680852162,0.957320635,0.969946888,0.02,0.127708289,0.016840983,0.001214606,0.415717713,0.43851841,0.111388228,0.046606347,-377.9863287,0.585313328
17,0.312486283,0.352452709,23.47418652,19.04695687,9.624527069,1.8749,1.059563285,0.950587705,0.40786119,0.862401138,0.95729144,0.02,0.459647955,0.028475394,0.000407596,0.066414284,0.445054771,0.142167878,0.037679204,-378.0676818,0.298480593
27,0.380309235,0.424745966,14.93964493,4.746386141,4.836264316,1.6987,1.123181684,0.879205681,0.679497447,0.805121721,0.082717365,0.02,0.120390198,0.041247945,0.002244735,0.819474465,0.016642656,0.060579287,0.134624824,-378.0791476,0.200583085
2,0.351548275,0.366379414,26.51887019,3.094958942,6.987440375,2.2617,0.39241361,0.813685344,0.819034881,0.955874948,0.968163582,0.02,0.21524463,0.003902134,0.000313622,0.640742631,0.139796983,0.300938438,0.088019892,-378.1019481,0.213032224
2,0.207327617,0.395429653,31.40709671,4.679005897,5.368882405,2.2617,0.733211022,0.758359652,0.499306467,0.942783637,0.970351255,0.02,0.226580603,0.002037505,0.000215199,0.763296123,0.007870571,0.247864011,0.030452655,-378.1117672,0.315681394
24,0.26999659,0.351767705,41.30789248,15.30219939,6.485888577,2.4334,1.137099974,0.959057593,0.406272253,0.985492584,0.68272502,0.02,0.057869879,0.00694066,0.000958561,0.002539643,0.931691258,0.040743399,0.305938165,-378.1774707,0.2927819
17,0.440450057,0.359336034,18.21317573,28.6049404,5.041750362,1.8749,2.196199632,0.870165211,0.567204493,0.947922328,0.790039286,0.02,0.130055538,0.030184165,0.000133912,0.224757234,0.614869152,0.093889948,0.040841062,-378.1901826,0.238305133
16,0.514614592,0.220625258,35.15553186,10.90159042,19.51384735,0.3246,0.040046182,0.976942778,0.756528457,0.587157329,0.15211312,0.02,0.537025337,0.006649571,0.005439494,0.037636722,0.413248877,0.09714615,0.346239344,-378.2140591,0.072328405
27,0.273925631,0.417422536,16.37880893,12.51292275,8.837333822,1.6987,1.628715308,0.925488415,0.740605931,0.731415822,0.054286232,0.02,0.135694698,0.017608933,0.001065423,0.819614228,0.026016718,0.087748284,0.144791924,-378.2457039,0.240738266
16,0.349136051,0.368346633,26.49734016,12.76024216,7.070525861,0.3246,0.072887621,0.97471522,1.060356559,0.586590233,0.949419064,0.02,0.245997101,0.035065102,0.000646083,0.064020883,0.654270832,0.164475777,0.106267566,-378.4156634,0.14729508
18,0.662797105,0.039434652,49.69908176,1.601793775,10.76987107,0.3173,0.00206253,0.814189197,0.693096044,0.984180477,0.864460388,0.02,0.647583218,0.02085173,0.267132498,0.002792436,0.061640119,0.143361565,0.117340788,-378.4360048,0.026459777
11,0.349335811,0.391983623,28.33539502,40.84445574,13.95536146,2.3133,1.81011435,0.848526994,0.425366064,0.961735928,0.313620023,0.02,0.041335769,0.205969997,0.002589768,0.005599117,0.74450535,0.254993349,0.354716372,-378.5817693,0.184406385
11,0.240393704,0.38396063,22.94098774,8.381812277,12.49146479,2.3133,0.752121217,0.953690884,0.557439908,0.937446805,0.796275033,0.02,0.064405814,0.028846649,0.001638468,0.900909446,0.004199623,0.015121635,0.104167471,-378.6554126,0.139626878
12,0.32401315,0.326336407,30.58645328,9.490275515,4.090429848,2.6542,1.725869988,0.869846409,0.531267347,0.915414264,0.448830575,0.02,0.035292117,0.049399598,0.000626394,0.382696832,0.531985059,0.253915021,0.109172316,-378.6884646,0.129938164
2,0.308493084,0.32051306,26.54415921,4.225034617,16.2528184,2.2617,0.417808004,0.895997317,0.586967871,0.959580033,0.988354216,0.02,0.415801845,0.001748378,0.00078581,0.151345654,0.430318314,0.102225461,0.046557915,-378.7428449,0.62920422
2,0.323262673,0.469667879,22.32156005,7.769885099,14.46831384,2.2617,0.424887516,0.97467834,0.607954959,0.973788029,0.986043704,0.02,0.015788091,0.027263609,0.000390594,0.91477409,0.041783616,0.10138363,0.265506293,-378.9689506,0.255720121
2,0.308938945,0.38412911,29.52606052,5.905670344,7.31372616,2.2617,0.459035656,0.934603591,0.666453493,0.963437346,0.993987784,0.02,0.054572869,0.01130567,0.000851252,0.876283765,0.056986444,0.214678693,0.221374633,-378.979269,0.433069809
27,0.36669249,0.414119807,17.53858241,7.153593714,4.972462326,1.6987,0.787824775,0.757693129,0.798917344,0.94877337,0.484953176,0.02,0.129016869,0.017452914,0.001310652,0.300063831,0.552155734,0.330619817,0.052988666,-378.983956,0.199203503
20,0.22750394,0.339352211,53.2653696,1.019465866,3.907847485,2.4946,0.59496956,0.955951849,0.641144943,0.750913794,0.811554482,0.02,0.164087584,0.00629184,0.00041414,0.817915388,0.011291047,0.108188534,0.128140418,-379.0707241,0.567373535
5,0.067283491,0.384380543,45.34714212,36.08442914,17.93397995,2.589,1.804755395,0.812988671,0.172777847,0.97663819,0.136254189,0.02,0.039112617,0.005347125,4.97E-05,3.99E-05,0.955450656,0.810342164,0.119285009,-379.2153515,0.394640655
2,0.208580055,0.381303343,30.45017332,7.913724875,7.409357291,2.2617,0.596177909,0.779604049,0.652838093,0.952432476,0.986364952,0.02,0.367584616,0.013780701,0.00108923,0.085727678,0.531817775,0.129396606,0.039147777,-379.2615101,0.426313328
2,0.320653949,0.412610921,26.74325978,5.669378332,29.91462233,2.2617,0.546822352,0.774796188,0.802510953,0.922642729,0.979687713,0.02,0.322315405,0.004602095,0.000202992,0.564436438,0.10844307,0.048892935,0.090580457,-379.3075548,0.163722255
5,0.387822067,0.350060627,35.77193147,41.90140479,24.02767885,2.589,1.841010974,0.87908824,0.649006426,0.938374005,0.010955616,0.02,0.078552199,0.109059766,0.000226567,0.00129505,0.810866418,0.422670488,0.091198211,-379.3371417,0.183918842
14,0.222563393,0.437934856,25.8202858,10.82774182,6.684449224,2.7308,2.103015475,0.911801281,0.397084079,0.651750266,0.122632829,0.02,0.002834851,0.001336357,0.000848591,0.012818801,0.9821614,1.237080845,0.465285249,-379.3562948,0.441428509
24,0.119120085,0.3738608,44.26978656,29.80002753,21.05176748,2.4334,1.090601714,0.968678529,0.548327727,0.95200222,0.872665835,0.02,0.069290109,0.01114584,0.000260882,0.001663315,0.917639854,0.081245146,0.272166991,-379.3592144,0.260102566
17,0.279367778,0.443711006,17.56555575,12.55025333,6.633561594,1.8749,0.720840802,0.849623989,0.462991942,0.95705395,0.716040256,0.02,0.201479552,0.159301921,0.001378791,0.003595866,0.63424387,0.509357808,0.038870341,-379.3858623,0.441591757
2,0.322051675,0.319656858,25.33683147,9.902991406,10.53107908,2.2617,1.119466422,0.919537491,0.516578048,0.911342658,0.995085574,0.02,0.044505004,0.000968279,0.001178378,0.94902537,0.004322968,0.074786093,0.075062771,-379.4267843,0.165620811
12,0.308024923,0.42844452,28.3322705,9.615526209,3.949712612,2.6542,2.651494515,0.928270376,0.364142805,0.833578918,0.457224124,0.02,0.045380149,0.009372866,0.000368121,0.396140736,0.548738128,0.469603305,0.011458148,-379.5311052,0.311854098
2,0.260495348,0.334968203,30.08491392,9.805496548,23.36112107,2.2617,0.515163609,0.877362619,0.587291314,0.942731097,0.965651233,0.02,0.286191559,0.006108601,0.001328318,0.158946968,0.547424554,0.116567286,0.014585684,-379.6866069,0.367701507
12,0.1634914,0.408797174,31.28238017,16.36266894,7.730083809,2.6542,2.171825723,0.772123903,0.351897228,0.694511635,0.940455747,0.02,0.056344038,0.009432834,0.00051755,0.148443904,0.785261673,0.070559621,0.076624609,-379.6972235,0.380862254
2,0.221624992,0.397353331,35.41448057,4.746051292,16.06659927,2.2617,0.44507079,0.864032515,1.118490773,0.961424474,0.990505955,0.02,0.085272832,0.036827209,0.000415017,0.872288901,0.005196041,0.25378558,0.020494358,-379.7838531,0.463541013
12,0.10921908,0.402685193,34.04159067,25.34237684,6.050001551,2.6542,1.895622855,0.684454989,0.266560936,0.940047987,0.702617072,0.02,0.051048969,0.322259103,0.000945269,0.189237778,0.436508881,0.201927171,0.109050048,-379.8520232,0.256813047
12,0.247896275,0.351155446,32.44770265,4.144016832,5.887920873,2.6542,0.846643205,0.734865788,0.527612453,0.907588783,0.906037716,0.02,0.044184041,0.007484066,0.000209472,0.945533775,0.002588645,0.18779642,0.177979017,-379.8526947,0.288152696
12,0.303201972,0.378226767,30.554787,5.823149978,4.864387985,2.6542,1.148920297,0.868159496,0.572340336,0.899485255,0.837815088,0.02,0.168151528,0.064453248,0.000131379,0.508113839,0.259150006,0.125704845,0.047344511,-379.8948253,0.363660565
21,0.184155277,0.35785277,50.06365026,9.724113114,2.330539064,2.9926,1.91157611,0.8997018,0.272680747,0.599196233,0.669848481,0.02,0.009323379,0.004437311,0.000843797,0.000240442,0.985155071,0.222243112,0.962992309,-380.3000611,0.190088536
2,0.239621888,0.382671475,39.5212692,15.44459464,17.56558524,2.2617,0.867171423,0.928001396,0.468322187,0.894790982,0.98416746,0.02,0.162015496,0.012364357,0.000198289,0.26122996,0.564191898,0.084850478,0.005864803,-380.4901735,0.18578699
4,0.142149114,0.451651137,41.74924505,10.985899,5.824505576,2.8234,2.178499229,0.840451799,0.350263042,0.97994908,0.056912164,0.02,0.019883181,0.035726164,0.000625979,0.003062319,0.940702357,0.014514715,0.016137159,-380.6828328,0.361109278
20,0.217187352,0.384672909,70.68621104,5.6569784,7.626236689,2.4946,1.372914453,0.963900966,0.550104261,0.791824818,0.151527554,0.02,0.064269657,0.003871836,0.000476276,0.85023915,0.081143081,0.059827687,0.219873474,-380.7905641,0.552291855
5,0.182571148,0.423005041,47.57080865,21.98838111,33.23818139,2.589,1.244044626,0.947013124,0.431005525,0.972339338,0.144728644,0.02,0.079810762,0.00232242,4.91E-05,2.00E-05,0.917797696,0.118904091,0.231584977,-380.9296062,1.154125257
8,0.027859248,0.460545208,56.1060291,23.69870117,3.948884926,2.6045,3.447402945,0.429869419,0.32101626,0.835259986,0.123322721,0.02,0.074985604,0.005488115,0.001833698,0.003431858,0.914260726,0.170931188,0.245710258,-380.964119,0.629943901
11,0.364910988,0.35830036,31.72373338,6.415179007,21.05241047,2.3133,0.65776074,0.956333459,0.799161466,0.928882407,0.819026867,0.02,0.075217904,0.042256053,0.000290785,0.872594382,0.009640876,0.150516067,0.141459692,-381.1274382,0.304085847
4,0.247266874,0.388978442,45.85943358,6.704099419,14.51650143,2.8234,0.811357512,0.949683662,0.553641687,0.972403863,0.666860784,0.02,0.274339371,0.047395168,0.000917554,0.486617605,0.190730302,0.132416013,0.024238282,-381.4424811,0.226131197
5,0.171533209,0.418518882,39.68111774,16.63102652,13.86009511,2.589,1.715801507,0.832856731,0.350526348,0.850795203,0.084541273,0.02,0.04996372,0.042321779,0.000529063,0.000155859,0.907029579,0.014917035,0.125484165,-381.4551501,0.245303311
11,0.289039842,0.396629534,34.54033654,17.57975263,12.66428642,2.3133,3.705419776,0.942781553,0.616952273,0.362044876,0.025129246,0.02,0.113539455,0.051963917,0.000679777,0.203330615,0.630486236,0.078723892,0.063238967,-381.5268014,0.275244061
8,0.010264047,0.429525868,57.77294069,42.92807661,3.194495663,2.6045,5.796231156,0.207866007,0.557464965,0.969176527,0.597012018,0.02,0.180416949,0.29679698,0.000465107,0.021054428,0.501266536,0.382888955,0.055156374,-381.6590345,0.402520506
11,0.246616556,0.411307041,28.04767994,8.867119717,19.01627762,2.3133,1.21423928,0.874603622,0.702670785,0.869030386,0.477025996,0.02,0.070306996,0.095289897,0.000815753,0.807740796,0.025846558,0.111478681,0.06884867,-381.7595225,0.130067066
2,0.198524825,0.3499907,35.31627284,6.967969485,7.481607869,2.2617,0.465826908,0.838368062,0.397257878,0.958768105,0.937008157,0.02,0.454257001,0.000330586,0.00082982,0.004074031,0.540508562,0.040784187,0.013749514,-381.8043153,0.283514936
11,0.248003575,0.384232127,29.72045267,16.23787603,18.55743998,2.3133,0.933414414,0.934493112,0.312631807,0.926906661,0.462992936,0.02,0.175838457,0.023832659,0.000750348,0.355685008,0.443893528,0.135208849,0.145475698,-381.8721881,0.27609677
24,0.114414011,0.416344984,60.94130963,14.97468138,16.76353981,2.4334,1.38455944,0.859390813,0.532051221,0.7459246,0.706864402,0.02,0.07111714,0.005296308,0.001078582,0.04632432,0.876183649,0.252428798,0.094050058,-381.9047195,0.446730619
12,0.341101655,0.364677092,34.82725923,10.2695135,16.80196395,2.6542,0.893924247,0.8475144,0.538124553,0.968481162,0.74012772,0.02,0.056571352,0.008337898,0.00087568,0.88946994,0.044745129,0.192119479,0.165319056,-381.9761904,0.154888962
21,0.30317805,0.416982338,32.74633855,11.09046581,5.245749667,2.9926,3.423943456,0.884862156,0.34513804,0.987644432,0.280410406,0.02,0.008895003,0.022151819,0.00158502,0.828819561,0.138548596,0.071386317,0.188714477,-382.1426102,0.166980741
1,0.475908949,0.273071414,61.80690707,1.754664515,4.659841279,1.6133,0.202421174,0.953628638,0.627584788,0.958003558,0.953747413,0.02,0.586724802,0.015611994,0.007951769,0.147402365,0.24230907,0.003807484,0.344423904,-382.1447217,0.043109935
5,0.288951208,0.43285355,38.78235891,15.60097902,14.83086367,2.589,1.675951118,0.81248193,0.581445818,0.838508134,0.053904619,0.02,0.004922223,0.122780425,0.001112962,3.39E-05,0.871150513,0.101988692,0.289602003,-382.2575415,0.324471514
8,0.338368403,0.373370288,55.85681281,11.37131926,2.432107356,2.6045,2.416389194,0.538963828,0.46723971,0.95818368,0.583954341,0.02,0.076690839,0.064544942,0.002322055,0.250970118,0.605472046,0.436304741,0.104413543,-382.3535206,0.194308773
4,0.311196187,0.411891788,46.32557825,10.32799169,12.3117364,2.8234,1.567602609,0.930805428,0.580737001,0.877012489,0.0206119,0.02,0.052728292,0.012254947,0.000528826,0.012979777,0.921508158,0.390950334,0.083823668,-382.397332,0.19221801
1,0.539006706,0.241895075,51.07221914,1.466372705,3.062416438,1.6133,0.194310003,0.877665577,0.737746079,0.967710673,0.898153648,0.02,0.533382338,0.046613097,0.008348611,0.144153043,0.267502912,0.026032788,0.474568028,-382.484326,0.135400339
14,0.080960851,0.349435609,25.06735467,12.87966952,8.25742424,2.7308,2.630282961,0.968723829,0.755128107,0.544639011,0.071340448,0.02,0.010057874,0.041706207,0.000425775,0.00277498,0.945035164,0.745621354,0.954852926,-382.4973646,0.309749717
12,0.272121223,0.435944402,27.95646706,6.002403277,8.70219572,2.6542,1.527330251,0.751309679,0.533565489,0.973613799,0.199812318,0.02,0.303962729,0.027963125,0.000752039,0.663429648,0.003892458,0.037044511,0.033606694,-382.5615478,0.27312998
14,0.352694033,0.424889986,25.62920715,11.35747946,7.315826479,2.7308,1.785626749,0.778739437,0.458003116,0.915390139,0.11216086,0.02,0.063659322,0.212576385,0.00010377,0.055243128,0.668417395,0.022540994,0.185529414,-382.5720339,0.168184545
19,0.688622889,0.051746918,57.16401854,1.220987309,4.780173969,0.7475,0.005334047,0.977287456,0.639323271,0.970840719,0.995465157,0.02,0.507741167,0.0104768,0.4772755,0.001663097,0.002843437,0.812961164,0.030800668,-382.5857304,0.030008578
4,0.222709898,0.447806955,46.64282453,6.005977687,13.27923038,2.8234,1.471749698,0.974109762,0.502085542,0.953026119,0.138008688,0.02,0.253367409,0.001910554,0.00089438,0.741115022,0.002712635,0.067252165,0.0547213,-382.8274565,0.349142356
8,0.307401999,0.37812793,52.8992783,7.497029915,10.26560929,2.6045,1.26441671,0.905396855,0.6064884,0.80971116,0.235197379,0.02,0.188566637,0.109453338,0.001459668,0.594671929,0.105848429,0.066444534,0.008352883,-382.8362967,0.273862803
8,0.139022965,0.396071366,64.84951325,11.87500211,7.46065217,2.6045,1.606723808,0.810388766,0.315384526,0.97142797,0.908715467,0.02,0.256879694,0.042449564,0.001579176,0.000855308,0.698236258,0.067015493,0.112170067,-382.9949091,0.386824715
20,0.248717443,0.400412423,54.79696727,5.381468884,4.720708061,2.4946,2.441328271,0.896679869,0.68781217,0.486812993,0.800256539,0.02,0.006625629,0.008379965,0.000417161,0.955556219,0.029021027,0.061005562,0.067989226,-383.0746281,0.290587461
4,0.105464359,0.377518193,48.72975181,7.463239378,16.60595039,2.8234,1.351248854,0.82151856,0.499657297,0.867337561,0.72995614,0.02,0.239854538,0.023725132,0.000233321,0.131374336,0.604812672,0.268336614,0.019376172,-383.0898466,0.683832103
18,0.695539367,0.064304825,64.44973838,0.905755572,3.749368265,0.3173,0.004532479,0.79582219,0.728911845,0.948056145,0.565275001,0.02,0.973364933,0.000523909,0.023901086,6.25E-05,0.002147562,9.06933151,0.013634754,-383.1224306,0.048147847
3,0.01189441,0.504033413,17.34533548,9.607068389,11.00507624,0.4902,0.096041124,0.966870714,0.803798367,0.616747685,0.989514076,0.02,0.786758582,0.005282455,0.000321963,0.020044668,0.187592333,0.02027179,0.105100632,-383.1551505,1.033530561
11,0.400525956,0.359302916,29.80276646,4.736227065,14.79953276,2.3133,0.522229465,0.85939953,0.694909212,0.954917183,0.770117908,0.02,0.31070669,0.014893719,0.001014096,0.002096699,0.671288796,0.144735207,0.229300084,-383.2206735,0.183769448
12,0.211553908,0.445895191,27.96227079,10.66401649,7.170123834,2.6542,1.858347731,0.581797519,0.445263211,0.957986681,0.87577056,0.02,0.019279379,0.020361232,0.000301276,0.767382206,0.192675907,0.348062613,0.39658639,-383.2297655,0.28418585
14,0.303623946,0.460855802,24.7241864,19.34337595,34.35771899,2.7308,2.400545318,0.857070361,0.523504666,0.666758252,0.05241448,0.02,0.071631702,0.014375645,0.000340333,0.000453627,0.913198695,0.157303839,0.273342082,-383.5532828,0.102142008
8,0.256812672,0.375063834,57.2072595,7.241738207,7.945092899,2.6045,1.089669047,0.847347993,0.432794839,0.825087435,0.852228676,0.02,0.158535603,0.097263976,0.001299046,0.004681567,0.738219808,0.077716128,0.124599465,-383.5718313,0.368616091
8,0.132153816,0.409589585,67.68993413,7.707387216,5.561334929,2.6045,1.515947827,0.642190051,0.465928023,0.935180981,0.559803332,0.02,0.100264976,0.273715471,0.000868099,0.008187392,0.616964062,0.439013719,0.074698775,-383.6380235,0.33658606
12,0.346601322,0.430266299,38.82789796,8.016269799,4.03190955,2.6542,2.719983202,0.727658113,0.51872325,0.920993673,0.103152192,0.02,0.028500489,0.007661876,0.00051487,0.92781892,0.035503846,0.129623247,0.052537948,-383.65805,0.216360553
24,0.365677787,0.39687101,42.70010581,23.91230474,25.61372803,2.4334,0.733523878,0.827767262,0.461448434,0.908560525,0.955060626,0.02,0.347189772,0.002677549,0.00041515,0.008049589,0.641667939,0.111587682,0.056701666,-383.7874124,0.263128092
1,0.553795417,0.228594577,57.66971884,1.271884416,5.517288211,1.6133,0.217482046,0.909154384,0.58832273,0.984528222,0.817413326,0.02,0.644440758,0.009407148,0.014982482,0.006380833,0.324788779,0.009563599,0.151037976,-383.7993448,0.154368836
11,0.263080316,0.484477674,26.95100649,7.75386235,19.34292795,2.3133,0.898592871,0.683568392,0.782529444,0.907481799,0.70316137,0.02,0.038551978,0.006495275,0.000473079,0.909068582,0.045411086,0.084417412,0.466589923,-383.8952425,0.244740839
12,0.397144146,0.39936327,36.23929853,23.72158385,8.515097263,2.6542,5.875922936,0.769069601,0.501225886,0.322236804,0.293937637,0.02,0.270365348,0.008196439,0.000245029,0.01063619,0.710556994,0.166704701,0.036870107,-383.9254897,0.14428764
12,0.085622193,0.448002367,32.9533448,14.4692468,13.78740656,2.6542,0.956790403,0.944150055,0.413820699,0.981643863,0.493374333,0.02,0.010612154,0.041342126,0.000144987,0.806921516,0.140979216,0.352952029,0.044249318,-383.9966595,0.355462321
24,0.249916616,0.381871549,55.37082584,11.81951011,31.359698,2.4334,0.471889736,0.975183784,0.473302195,0.942020199,0.937467083,0.02,0.345041046,0.021137084,0.000957566,0.001533258,0.631331046,0.208453834,0.084412348,-384.0032266,0.501061483
4,0.194751257,0.42933614,50.99576035,6.338115578,10.41512884,2.8234,1.347691214,0.847485341,0.478082821,0.865508944,0.139180428,0.02,0.037837431,0.006593141,0.000519302,0.006745419,0.948304708,0.213648094,0.020791721,-384.0484436,0.214941342
24,0.387881052,0.379882813,41.45063843,7.410071011,15.21194242,2.4334,0.980536554,0.964531009,0.31459887,0.887795811,0.300793044,0.02,0.046669545,0.002349794,0.000744043,0.940837167,0.009399451,0.152689937,0.167756404,-384.1997313,0.435629128
20,0.161874317,0.469131655,54.78988008,2.376890368,12.37806489,2.4946,0.858489432,0.760732167,0.678963502,0.866010748,0.125077147,0.02,0.185094639,0.008591385,0.000337703,0.79646802,0.009508254,0.051975142,0.083809992,-384.4326013,0.256616092
20,0.196749086,0.413217371,56.60532215,1.031045756,8.679942041,2.4946,0.915798749,0.967906479,0.622655987,0.797833679,0.732229052,0.02,0.068485215,0.005255594,0.00013062,0.829777653,0.096350919,0.134800058,0.10782031,-384.5716589,0.489716931
8,0.316572467,0.430537321,63.43079911,35.9429121,6.702316403,2.6045,5.154551141,0.345557862,0.324049698,0.779365541,0.675492262,0.02,0.047963584,0.013520673,0.00105715,0.020027309,0.917431283,0.897634268,1.58091965,-384.7028068,0.315603358
2,0.340652776,0.358134807,35.6066044,4.875418292,15.2361147,2.2617,0.5146525,0.965913278,0.552377403,0.948041115,0.995135985,0.02,0.399652102,0.000315282,0.004153272,0.024681739,0.571197605,0.203885303,0.090507581,-384.7237026,0.207377789
24,0.274302698,0.426886994,51.56294834,14.77871616,24.01663696,2.4334,1.053328122,0.928850846,0.52399983,0.94236079,0.284108522,0.02,0.080824216,0.009125096,0.002405303,0.003455879,0.904189506,0.097926278,0.096449367,-384.7300137,0.157397928
4,0.250910621,0.435110945,50.89311688,5.407104023,23.27810354,2.8234,1.430045539,0.942172929,0.567297035,0.937019518,0.075602794,0.02,0.209139505,0.001555902,0.000740167,0.784692049,0.003872377,0.198524234,0.04907613,-384.8468275,0.163939437
4,0.322195327,0.38961057,48.21186714,6.101628887,7.738768958,2.8234,1.054197413,0.901118067,0.421025585,0.923485192,0.062163399,0.02,0.046873089,0.079016645,0.000520798,0.871683132,0.001906336,0.281895522,0.01119919,-385.0287283,0.291220645
14,0.28355429,0.427949209,31.67206119,9.676880215,17.13026808,2.7308,2.643267694,0.907221218,0.569695284,0.466353621,0.109186052,0.02,0.008677226,0.007260686,0.000381136,0.015341621,0.968339331,0.616336717,0.407106321,-385.1032383,0.148505026
11,0.427288589,0.415216145,28.96831754,5.648406783,15.23425879,2.3133,1.407515114,0.853938327,0.739604666,0.705461454,0.259333869,0.02,0.175552177,0.049439272,0.0006757,0.741900976,0.032431875,0.164645337,0.117799665,-385.2097308,0.476031101
16,0.480766855,0.328358495,38.86673727,5.571738756,3.267417681,0.3246,0.2217681,0.903614322,0.8941914,0.273873898,0.709839605,0.02,0.093069856,0.015164715,0.004101631,0.878374286,0.009289512,0.014389092,0.261728689,-385.3292132,0.285235269
11,0.313211217,0.475082494,28.86965764,9.552425653,24.85708274,2.3133,1.028165878,0.74593186,0.511363664,0.931504872,0.05306556,0.02,0.215639689,0.183456321,0.000596261,0.58025409,0.020053639,0.027732629,0.101582867,-385.5278404,0.207406206
4,0.183365393,0.462190391,43.97513323,14.08388003,17.35364382,2.8234,1.342613542,0.9027374,0.376159846,0.897049529,0.04681636,0.02,0.011958375,0.002349749,0.0001492,0.002988199,0.982554476,0.754204235,0.01463386,-385.9235685,0.434668417
4,0.227858627,0.438801213,51.99673546,2.95809846,21.01599491,2.8234,1.236716628,0.876623295,0.610013032,0.780037734,0.097893849,0.02,0.010791793,0.001601356,0.000460446,0.59978062,0.387365786,0.386169578,0.034472005,-386.2442716,0.549237393
11,0.364789044,0.401193511,33.89347796,3.512142055,27.97552696,2.3133,0.969160062,0.945275524,0.427954176,0.760654977,0.751202813,0.02,0.688838055,0.047026614,0.001025689,0.054157646,0.208951996,0.009018001,0.035430701,-386.4000373,0.232730996
16,0.417381558,0.352487862,24.77641647,9.580007977,14.00832656,0.3246,0.149366995,0.87927063,0.863855063,0.410495565,0.927128513,0.02,0.279288561,0.001125186,0.001445258,0.716495712,0.001645284,0.327160364,0.493832631,-386.6087926,0.254781861
14,0.302898942,0.437028761,29.70725679,9.233173207,11.46791906,2.7308,1.308154743,0.74852203,0.40156929,0.917959465,0.129923136,0.02,0.302827423,0.035546632,0.002730919,0.001354955,0.65754007,0.317341191,0.160877114,-386.8587964,0.471714238
20,0.701434425,0.162985838,46.90653319,0.558245403,0.475222775,2.4946,0.17694215,0.802449733,0.869297839,0.1547587,0.043718817,0.02,0.596894006,0.003895558,0.360844884,0.026356312,0.012009241,4.969054036,0.100108364,-386.8714146,0.057536418
11,0.306676834,0.45061847,32.83624276,8.209686093,7.007421288,2.3133,0.847736943,0.773848299,0.48931526,0.926060159,0.703281206,0.02,0.080996587,0.355787261,0.002759329,0.006388527,0.554068296,0.041409209,0.683466011,-387.2989062,0.223382152
24,0.450169613,0.363937754,46.32313011,6.325785319,20.9212122,2.4334,0.71273266,0.889529137,0.816349796,0.984656622,0.78471601,0.02,0.473859544,0.060201613,0.00332575,0.001691158,0.460921934,0.072753478,0.159009367,-387.3314081,0.148562102
4,0.215509503,0.477046807,57.498007,6.164443543,66.17697475,2.8234,2.152560857,0.97609466,0.677711054,0.616373782,0.02628645,0.02,0.124154799,0.00165027,0.000653527,0.802609462,0.070931942,0.047382291,0.181309334,-387.5400068,0.274212778
11,0.452765765,0.395435543,29.11779844,10.10051263,9.097493234,2.3133,1.595232865,0.894637814,0.585750027,0.945173724,0.468046305,0.02,0.377504323,0.237342273,0.001990611,0.373459033,0.009703761,0.093830804,0.160457206,-387.6037376,0.117467318
4,0.342227019,0.446698386,35.91343672,7.382392494,18.21852788,2.8234,1.143403127,0.686910217,0.613485587,0.924135353,0.160603868,0.02,0.099002921,0.122439874,0.00091761,0.003012496,0.774627097,0.218380395,0.295420636,-388.175335,0.52230407
21,0.437107769,0.396594485,34.80942103,6.511836007,5.997708849,2.9926,1.714311287,0.815235801,0.543144057,0.878159162,0.522664148,0.02,0.102688319,0.116067052,0.003074227,0.771796177,0.006374224,0.310922712,0.357047562,-388.5622784,0.125199128
14,0.444303816,0.321803106,27.436332,7.511763808,15.01960934,2.7308,1.247424933,0.948921522,0.376992221,0.870125469,0.070960378,0.02,0.115807712,0.061204999,0.002874733,0.044471275,0.775641281,0.308080427,0.149986614,-389.0278006,0.409885084
20,0.087671638,0.550568033,55.927956,4.557790161,8.936562288,2.4946,2.205966907,0.949682357,0.223868339,0.393579097,0.039526601,0.02,0.162949253,0.000701491,0.000464252,0.004657316,0.831227688,0.11949384,0.018438428,-389.8434023,0.417431647
4,0.323876913,0.479723721,58.93668952,3.028778247,7.680393572,2.8234,0.79159891,0.783499459,0.520097531,0.934948826,0.011251243,0.02,0.325340887,0.063713061,0.001563082,0.539757063,0.069625908,0.069111134,0.059444894,-390.0631643,0.354882397
28,0.05448577,0.539250437,36.80016037,11.77359315,10.01701743,1.2393,0.649789091,0.591401889,0.533475642,0.794724494,0.880907706,0.02,0.082122583,0.195153142,0.001518079,0.565548754,0.155657442,0.306521994,0.089154785,-390.4961381,0.584783873
21,0.795030953,0.034812698,37.12967846,73.27890773,7.336476443,2.9926,5.454667373,0.985683482,0.01501867,0.930588984,0.313591438,0.02,0.053493756,0.018275487,0.001453795,0.011764112,0.91501285,0.195819199,2.141155006,-390.7358466,0.028743668
4,0.234496236,0.45173595,36.94562591,7.018641709,13.40496001,2.8234,2.258445959,0.665291957,0.452879104,0.441982615,0.041808241,0.02,0.025061682,0.00063877,0.002582969,0.857273922,0.114442657,0.114717004,0.034508886,-392.6495145,0.429141432
24,0.601990403,0.3018062,49.93427861,7.188200938,12.8229074,2.4334,0.532186226,0.826854674,0.632181337,0.991473332,0.939399478,0.02,0.293311928,0.110099015,0.011215653,0.024349555,0.561023848,0.563804807,0.341222028,-392.6551074,0.198565753
20,0.546922605,0.340508229,51.76825342,1.393541517,6.897623737,2.4946,0.928597167,0.937572625,0.543752649,0.777261598,0.022806025,0.02,0.442350136,0.053183984,0.017013304,0.466658402,0.020794173,0.306457198,0.089993805,-393.7518291,0.086248071
20,0.522226533,0.387511595,51.37529765,1.972212312,6.784241813,2.4946,1.092018721,0.964328253,0.61317008,0.687754022,0.237524119,0.02,0.221008708,0.003976612,0.009791739,0.029416824,0.735806117,0.077738303,0.360775971,-394.4492168,0.11810959
4,0.625774993,0.340187318,39.1308973,5.245545619,20.32023077,2.8234,1.301910421,0.911211698,0.706079248,0.897874114,0.060322569,0.02,0.491440609,0.050994571,0.014616312,0.36078703,0.082161478,0.13608659,0.006929872,-396.2044841,0.170030543
21,0.538116074,0.357501349,36.42241744,4.569097749,5.057305058,2.9926,0.891966183,0.852162293,0.350330774,0.911131324,0.930860657,0.02,0.123553141,0.008724156,0.026628399,0.298362217,0.542732087,0.415549162,2.080381421,-396.3142221,0.213286558
20,0.60341032,0.359170832,43.38620742,2.314474913,4.402603056,2.4946,1.126234084,0.989005672,0.537609684,0.816071369,0.087430784,0.02,0.550712589,0.034603642,0.058107289,0.009984869,0.346591612,0.335901133,0.27111401,-397.6645479,0.132917093
16,0.512105878,0.501891143,27.60675747,5.795471278,18.58295639,0.3246,0.807620532,0.978538204,1.059363523,0.236967316,0.97873472,0.02,0.590612134,0.0111245,0.000507549,0.026992546,0.370763271,0.093668911,0.177071854,-397.6692967,0.43709151
20,0.626210804,0.280013976,61.889795,2.206842247,3.342508161,2.4946,0.70718205,0.867182063,0.454837794,0.907132331,0.781171276,0.02,0.453663659,0.035269045,0.498353411,0.006964192,0.005749693,0.419103084,0.287325978,-399.5866087,0.179595551
8,0.131195164,0.700124089,65.2074199,25.49334094,4.301731145,2.6045,17.19382715,0.155554711,0.111979003,0.668037907,0.137058118,0.02,0.12189643,0.132587006,0.001297581,0.259524679,0.484694303,0.232156605,0.439583919,-402.2793179,0.654648876
14,0.289326759,0.575750381,24.34264873,7.095955908,16.98273612,2.7308,7.514478228,0.489925033,0.818672338,0.270763427,0.039095784,0.02,0.342277794,0.551424704,0.001101851,0.002761479,0.102434172,0.268370736,0.079103174,-403.1013876,0.510486784
24,0.617850209,0.388459622,43.78715655,5.378872059,16.8645423,2.4334,0.8881475,0.962068721,0.628092273,0.877903824,0.838108478,0.02,0.262779888,0.71044976,0.003933833,0.021095619,0.0017409,5.666025259,0.149969362,-403.3116255,0.151681689
21,0.732754654,0.266421628,41.10225808,2.700047683,5.129500887,2.9926,0.911009806,0.969066863,0.442325394,0.840373078,0.454415477,0.02,0.026146275,0.02240467,0.856060065,0.082075712,0.013313278,0.116286914,3.963197177,-405.4910187,0.115104071
23,0.011550602,0.706584046,45.32894452,2.506229469,31.998187,2.7772,2.845226943,0.388056667,1.389150843,0.602065348,0.005975459,0.02,0.17912089,0.085519141,0.002440028,0.080910113,0.652009828,0.051793777,0.167555762,-405.7598587,1.148291479
8,0.322724656,0.430838581,58.38562796,34.81475279,7.199422271,2.6045,2.433073197,0.137214946,0.750680302,0.931195984,0.851524074,0.02,0.351928656,0.056942927,0.004584501,0.244113243,0.342430672,0.312905244,0.086820616,-407.6280949,0.984276278
28,0.006129959,0.768998075,30.79470773,10.80305746,5.066727718,1.2393,4.630896456,0.279416566,1.819182313,0.706786599,0.73425436,0.02,0.364179307,0.140681858,0.00247253,0.00377787,0.488888435,0.106917,0.595256815,-408.8137227,2.940168333
28,0.005193161,0.640655733,40.15597968,11.07663146,7.194242485,1.2393,1.537335525,0.231417979,1.031688546,0.736967618,0.520468727,0.02,0.313709249,0.551766679,0.004865173,0.121285404,0.008373495,0.469747992,0.154706507,-426.1995118,17.99992249
23,0.008346522,0.53006199,46.93700268,2.443444357,7.239340109,2.7772,1.9051413,0.880924279,0.921197704,0.829936739,0.010273377,0.02,0.114628687,0.003733029,0.194068201,0.077678651,0.609891432,0.040417827,0.041066393,-426.8094342,0.915000754
8,0.006684705,0.497574592,60.56230425,6.957420443,10.74413071,2.6045,1.306758393,0.733297471,0.29006069,0.893842703,0.496739837,0.02,0.698140264,0.032749156,0.136757099,0.039762177,0.092591304,0.248304686,0.194340978,-430.4425222,3.412177209
23,0.000894841,0.436613547,38.46078981,2.583660369,27.55991708,2.7772,1.382753877,0.921560154,0.146430215,0.807696616,0.012207022,0.02,0.498000727,0.096367263,0.01491946,0.182504236,0.208208315,0.030607417,0.024825699,-431.2328592,1.686622158
23,0.01381205,0.523845158,41.07236053,3.091890222,21.89843537,2.7772,1.841467344,0.640905214,0.485959481,0.538023031,0.01990975,0.02,0.477966992,0.018911845,0.10976591,0.063278228,0.330077025,0.058564562,0.261754258,-434.5881408,2.194451947
23,0.015485526,0.630976749,47.88508246,1.996035805,14.2083383,2.7772,1.679774594,0.462883016,0.310422206,0.853995836,0.003852127,0.02,0.242676187,0.035948576,0.408839709,0.012848035,0.299687493,0.102074651,0.318936577,-436.3956162,1.433931898
23,0.00892204,0.637917707,40.67281268,1.635860423,20.78525878,2.7772,5.749685487,0.628673314,0.128009156,0.282695308,0.036878271,0.02,0.189274413,0.012874128,0.111119716,0.011476491,0.675255251,0.232402914,0.282878867,-436.5356945,0.484517867
23,0.03991483,0.583692756,50.84228098,2.973321053,9.510775782,2.7772,0.766300139,0.59349774,0.288227245,0.606820721,0.313684878,0.02,0.327190441,0.001215228,0.507492837,0.010284466,0.153817028,0.07852524,0.076995623,-441.4181884,1.623064597
23,0.001162165,0.649938785,37.97108693,4.175340713,11.58345034,2.7772,3.662806744,0.484210406,-0.262942743,0.817064775,0.02423008,0.02,0.518422664,0.186664786,0.18128673,0.109134931,0.004490888,0.047111361,0.209894905,-445.1127535,0.511667807
23,0.003132984,0.543300699,40.53049894,4.235562514,15.78091555,2.7772,0.622252488,0.511347298,0.071180452,0.817465888,0.044714868,0.02,0.834255035,0.002140841,0.000869298,0.143961253,0.018773573,0.082246944,0.102491889,-462.9446177,2.612717983
23,0.022593519,0.604605778,50.6549049,4.726782569,5.854811431,2.7772,3.420557725,0.763155712,-0.294301935,0.039186342,0.045939739,0.02,0.215836375,0.0236835,0.221739053,0.000945292,0.537795781,0.09404821,0.521300094,-494.8909823,12.65941256
23,0.018511606,0.566159447,48.25338271,2.094153849,25.17008,2.7772,1.251684133,0.252459563,0.718638471,0.763796187,0.003198709,0.02,0.685176238,0.004907065,0.001669211,0.020194294,0.288053192,0.036554317,0.059319767,-501.3222526,19.26665216
23,0.021054894,0.471568023,49.92564103,2.003907462,11.64890222,2.7772,1.237668963,0.380382258,0.393491391,0.774554971,0.055892845,0.02,0.958907705,0.022008406,0.000629078,0.011103077,0.007351734,0.106706515,0.061470898,-552.1974075,97.59757187
,,,,,,,,,,,,,,,,,,,,,
IC 95%,0.000,0.000,0.048,0.037,0.034,0.003,0.006,0.000,0.001,0.000,0.001,0.000,0.001,0.000,0.000,0.001,0.001,0.002,0.001,0.060,0.017
Desv. Estand.,0.143,0.115,14.838,11.267,10.310,0.972,1.756,0.138,0.220,0.153,0.363,0.000,0.241,0.074,0.072,0.340,0.318,0.652,0.385,18.262,5.272
Tamao,370.000,370.000,370.000,370.000,370.000,370.000,370.000,370.000,370.000,370.000,370.000,370.000,370.000,370.000,370.000,370.000,370.000,370.000,370.000,370.000,370.000
Mu + IC,0.315,0.243,34.329,3.035,13.213,0.322,0.017,0.988,0.683,0.923,0.083,0.020,0.645,0.001,0.001,0.033,0.324,0.055,0.008,-362.680,0.147
Mu - IC,0.314,0.242,34.232,2.962,13.146,0.316,0.005,0.987,0.682,0.922,0.081,0.020,0.643,0.000,0.000,0.031,0.322,0.050,0.005,-362.800,0.113
